created_at,entry_id,MQ7 ,MQ135,Temperature,Humidity,eCO2,Motion Detected,Dust Density
2024-04-06 12:00:27+05:30,1256,163,42,33.8,49,520,0,21
2024-04-06 12:01:30+05:30,1257,162,37,33.8,49,637,1,9
2024-04-06 12:02:32+05:30,1258,173,47,33.7,50,679,1,3
2024-04-06 12:03:34+05:30,1259,168,37,33.3,51,539,1,0
2024-04-06 12:04:36+05:30,1260,168,37,33.3,52,697,1,0
2024-04-06 12:05:37+05:30,1261,170,40,33.3,52,717,1,20
2024-04-06 12:06:39+05:30,1262,171,40,33.3,53,730,1,4
2024-04-06 12:07:40+05:30,1263,171,42,33.3,53,570,1,6
2024-04-06 12:08:42+05:30,1264,167,38,33.3,53,692,0,3
2024-04-06 12:09:44+05:30,1265,172,40,33.3,53,699,1,0
2024-04-06 12:10:45+05:30,1266,172,40,33.3,53,714,1,4
2024-04-06 12:11:47+05:30,1267,168,39,33.3,52,615,0,0
2024-04-06 12:12:48+05:30,1268,168,39,33.3,52,702,0,0
2024-04-06 12:13:50+05:30,1269,166,42,33.3,52,668,1,4
2024-04-06 12:14:51+05:30,1270,167,39,33.3,51,612,1,0
2024-04-06 12:15:53+05:30,1271,167,42,33.3,50,600,0,3
2024-04-06 12:16:55+05:30,1272,170,43,33.3,50,581,1,5
2024-04-06 12:17:56+05:30,1273,178,44,33.3,50,546,1,14
2024-04-06 12:18:58+05:30,1274,163,42,33.3,49,520,1,19
2024-04-06 12:20:00+05:30,1275,161,37,33.8,45,502,1,0
2024-04-06 12:21:01+05:30,1276,163,44,33.8,44,501,1,4
2024-04-06 12:22:03+05:30,1277,156,35,33.8,43,519,1,0
2024-04-06 12:23:05+05:30,1278,156,35,33.8,42,534,1,0
2024-04-06 12:24:06+05:30,1279,154,38,33.8,41,501,0,0
2024-04-06 12:25:08+05:30,1280,150,38,34.2,40,534,1,1
2024-04-06 12:26:10+05:30,1281,154,40,34.2,39,542,1,0
2024-04-06 12:27:11+05:30,1282,153,42,34.2,39,551,1,6
2024-04-06 12:28:13+05:30,1283,151,38,34.2,39,526,0,0
2024-04-06 12:29:14+05:30,1284,151,38,33.8,40,650,0,0
2024-04-06 12:30:16+05:30,1285,156,40,33.8,41,679,0,0
2024-04-06 12:31:18+05:30,1286,149,37,33.8,41,710,0,1
2024-04-06 12:32:19+05:30,1287,156,36,33.8,42,656,0,0
2024-04-06 12:33:20+05:30,1288,157,43,33.8,41,704,0,0
2024-04-06 12:34:22+05:30,1289,154,35,33.8,42,726,1,0
2024-04-06 12:35:23+05:30,1290,159,45,33.8,43,752,1,7
2024-04-06 12:36:25+05:30,1291,157,38,33.4,44,591,0,134
2024-04-06 12:37:27+05:30,1292,158,38,33.3,45,810,0,0
2024-04-06 12:38:28+05:30,1293,159,39,33.3,45,830,,0
2024-04-06 12:39:30+05:30,1294,164,40,33.3,45,817,1,136
2024-04-06 12:40:31+05:30,1295,163,43,33.3,46,851,0,0
2024-04-06 12:41:33+05:30,1296,161,38,33.3,46,868,0,0
2024-04-06 12:42:35+05:30,1297,159,38,33.3,46,857,1,0
2024-04-06 12:43:36+05:30,1298,162,38,33.3,46,874,1,0
2024-04-06 12:44:39+05:30,1299,162,38,33.3,47,877,0,0
2024-04-06 12:45:40+05:30,1300,165,42,33.3,47,882,1,0
2024-04-06 12:46:42+05:30,1301,168,40,33.3,47,897,0,120
2024-04-06 12:47:44+05:30,1302,163,38,33.3,48,895,0,0
2024-04-06 12:48:45+05:30,1303,167,43,33.3,48,900,0,0
2024-04-06 12:49:47+05:30,1304,163,35,33.3,48,885,1,0
2024-04-06 12:50:49+05:30,1305,167,43,33.3,48,885,1,1
2024-04-06 12:51:51+05:30,1306,163,38,33.3,48,857,0,5
2024-04-06 12:52:52+05:30,1307,163,38,33.3,47,855,0,0
2024-04-06 12:53:53+05:30,1308,163,38,33.3,47,870,0,0
2024-04-06 12:54:55+05:30,1309,164,40,33.3,48,874,0,0
2024-04-06 12:55:56+05:30,1310,167,42,33.3,48,865,1,5
2024-04-06 12:56:57+05:30,1311,164,38,33.3,48,840,1,7
2024-04-06 12:57:59+05:30,1312,163,38,33.3,47,815,0,0
2024-04-06 12:59:00+05:30,1313,163,35,33.3,46,795,1,0
2024-04-06 13:00:02+05:30,1314,167,40,33.2,46,785,1,0
2024-04-06 13:01:03+05:30,1315,169,40,33.2,46,778,0,4
2024-04-06 13:02:05+05:30,1316,167,42,33.2,46,686,1,28
2024-04-06 13:03:06+05:30,1317,165,42,33.1,46,772,1,3
2024-04-06 13:04:09+05:30,1318,172,48,33.2,46,770,0,48
2024-04-06 13:05:11+05:30,1319,163,38,33.3,46,659,1,0
2024-04-06 13:06:13+05:30,1320,166,42,33.3,45,706,1,3
2024-04-06 13:07:14+05:30,1321,163,38,33.3,45,714,0,0
2024-04-06 13:08:18+05:30,1322,161,35,33.2,45,697,0,0
2024-04-06 13:09:21+05:30,1323,164,43,33.1,45,732,1,0
2024-04-06 13:10:22+05:30,1324,167,40,32.9,46,717,0,4
2024-04-06 13:11:24+05:30,1325,160,37,32.9,46,702,1,1
2024-04-06 13:12:26+05:30,1326,159,38,33.2,45,699,1,0
2024-04-06 13:13:26+05:30,1327,170,44,32.9,46,624,1,0
2024-04-06 13:14:29+05:30,1328,170,42,32.9,46,704,1,0
2024-04-06 13:15:30+05:30,1329,164,39,32.9,47,688,0,61
2024-04-06 13:16:32+05:30,1330,168,39,33.2,45,666,1,106
2024-04-06 13:17:34+05:30,1331,162,38,33.3,45,646,1,79
2024-04-06 13:18:35+05:30,1332,159,38,33.3,45,652,0,0
2024-04-06 13:19:37+05:30,1333,160,37,33.3,45,650,0,64
2024-04-06 13:20:39+05:30,1334,159,38,33.3,45,519,0,0
2024-04-06 13:21:41+05:30,1335,159,38,33.3,45,638,1,0
2024-04-06 13:22:43+05:30,1336,159,38,33.3,45,624,1,0
2024-04-06 13:23:45+05:30,1337,159,38,33.3,44,620,0,0
2024-04-06 13:24:46+05:30,1338,159,38,33.3,44,612,0,0
2024-04-06 13:25:48+05:30,1339,159,38,33.3,44,605,0,0
2024-04-06 13:26:50+05:30,1340,160,38,33.3,44,624,0,0
2024-04-06 13:27:51+05:30,1341,159,39,33.3,44,634,0,0
2024-04-06 13:28:53+05:30,1342,159,38,33.3,45,650,1,0
2024-04-06 13:29:56+05:30,1343,164,40,33.3,45,730,1,0
2024-04-06 13:30:58+05:30,1344,162,42,33.3,45,682,0,2
2024-04-06 13:31:59+05:30,1345,163,38,33.3,45,776,1,21
2024-04-06 13:33:01+05:30,1346,168,40,33.2,46,780,1,4
2024-04-06 13:34:03+05:30,1347,170,40,33.3,46,742,1,0
2024-04-06 13:35:04+05:30,1348,165,41,33.3,46,793,0,0
2024-04-06 13:36:07+05:30,1349,166,37,33.2,46,800,0,7
2024-04-06 13:37:08+05:30,1350,166,42,33.2,46,776,1,3
2024-04-06 13:38:12+05:30,1351,166,42,33.2,46,793,1,0
2024-04-06 13:39:14+05:30,1352,170,40,33.2,46,798,1,0
2024-04-06 13:40:17+05:30,1353,167,38,33.3,46,778,0,0
2024-04-06 13:41:18+05:30,1354,165,35,33.2,46,785,0,0
2024-04-06 13:42:21+05:30,1355,167,38,33.2,46,808,0,0
2024-04-06 13:43:22+05:30,1356,165,35,33.3,46,785,0,1
2024-04-06 13:44:24+05:30,1357,165,38,33.3,46,754,1,20
2024-04-06 13:45:26+05:30,1358,170,41,33.3,46,754,1,83
2024-04-06 13:46:31+05:30,1359,168,37,33.3,46,770,1,0
2024-04-06 13:47:33+05:30,1360,167,39,33.3,46,746,0,0
2024-04-06 13:48:40+05:30,1361,167,38,33.3,46,737,1,0
2024-04-06 13:49:41+05:30,1362,168,38,33.3,46,726,0,0
2024-04-06 13:50:43+05:30,1363,172,40,33.3,46,638,1,0
2024-04-06 13:51:45+05:30,1364,169,38,33.3,46,714,0,0
2024-04-06 13:52:46+05:30,1365,169,38,33.3,46,715,1,0
2024-04-06 13:53:48+05:30,1366,170,43,33.3,46,675,1,3
2024-04-06 13:54:50+05:30,1367,167,38,33.3,46,666,0,29
2024-04-06 13:55:51+05:30,1368,167,38,33.3,45,646,1,0
2024-04-06 13:57:58+05:30,1369,171,40,33.3,44,596,0,6
2024-04-06 13:59:00+05:30,1370,171,40,33.3,44,599,1,16
2024-04-06 14:00:02+05:30,1371,168,42,33.3,44,589,1,5
2024-04-06 14:01:04+05:30,1372,173,47,33.3,44,597,1,91
2024-04-06 14:02:06+05:30,1373,172,40,33.3,44,594,0,0
2024-04-06 14:03:07+05:30,1374,167,39,33.3,44,597,0,0
2024-04-06 14:04:08+05:30,1375,167,38,33.3,44,569,1,0
2024-04-06 14:05:09+05:30,1376,162,35,33.3,43,552,1,0
2024-04-06 14:06:11+05:30,1377,165,39,33.3,43,561,1,0
2024-04-06 14:07:12+05:30,1378,167,43,33.3,43,549,0,4
2024-04-06 14:08:13+05:30,1379,164,38,33.3,43,548,0,1
2024-04-06 14:09:15+05:30,1380,163,38,33.3,43,545,1,0
2024-04-06 14:10:18+05:30,1381,164,37,33.3,43,537,1,0
2024-04-06 14:11:19+05:30,1382,164,37,33.3,43,540,1,0
2024-04-06 14:12:20+05:30,1383,168,37,33.3,43,539,1,8
2024-04-06 14:13:22+05:30,1384,164,41,33.3,43,548,0,3
2024-04-06 14:14:23+05:30,1385,165,41,33.3,43,546,1,0
2024-04-06 14:15:24+05:30,1386,167,38,33.3,43,533,0,0
2024-04-06 14:16:27+05:30,1387,171,47,33.3,43,543,0,233
2024-04-06 14:17:28+05:30,1388,165,38,33.3,43,539,0,0
2024-04-06 14:18:30+05:30,1389,172,41,33.3,43,514,1,0
2024-04-06 14:19:31+05:30,1390,169,43,33.3,42,537,0,4
2024-04-06 14:20:33+05:30,1391,165,42,33.3,42,527,,2
2024-04-06 14:21:35+05:30,1392,167,41,33.3,41,545,1,2
2024-04-06 14:22:36+05:30,1393,167,38,33.3,42,480,,0
2024-04-06 14:23:38+05:30,1394,167,38,33.3,42,549,0,15
2024-04-06 14:24:40+05:30,1395,174,40,33.3,42,540,1,0
2024-04-06 14:25:41+05:30,1396,174,40,33.3,42,523,0,0
2024-04-06 14:26:44+05:30,1397,168,38,33.3,42,555,0,0
2024-04-06 14:27:46+05:30,1398,171,40,33.3,42,553,1,6
2024-04-06 14:28:47+05:30,1399,169,42,33.3,42,574,1,0
2024-04-06 14:29:49+05:30,1400,165,38,33.3,42,577,1,23
2024-04-06 14:30:50+05:30,1401,170,40,33.3,42,569,1,0
2024-04-06 14:31:52+05:30,1402,166,39,33.3,42,569,0,0
2024-04-06 14:32:54+05:30,1403,163,38,33.3,42,578,1,1
2024-04-06 14:33:56+05:30,1404,164,37,33.3,42,594,0,0
2024-04-06 14:34:57+05:30,1405,168,37,33.4,42,581,1,0
2024-04-06 14:35:59+05:30,1406,163,38,33.7,42,589,0,0
2024-04-06 14:37:01+05:30,1407,171,41,33.8,42,591,0,2
2024-04-06 14:38:02+05:30,1408,167,38,33.7,42,584,1,0
2024-04-06 14:39:04+05:30,1409,180,40,33.4,43,592,1,0
2024-04-06 14:40:06+05:30,1410,176,40,33.3,43,603,1,0
2024-04-06 14:41:07+05:30,1411,171,39,33.3,43,607,1,25
2024-04-06 14:42:09+05:30,1412,176,39,33.3,43,577,1,0
2024-04-06 14:43:11+05:30,1413,167,38,33.7,43,566,0,0
2024-04-06 14:44:12+05:30,1414,176,40,33.8,42,553,1,0
2024-04-06 14:45:14+05:30,1415,167,42,33.8,42,531,0,4
2024-04-06 14:46:35+05:30,1416,174,50,33.7,41,472,0,22
2024-04-06 14:47:37+05:30,1417,180,40,33.7,41,549,0,2
2024-04-06 14:48:38+05:30,1418,173,35,33.4,41,555,0,0
2024-04-06 14:49:40+05:30,1419,171,41,33.3,41,560,1,0
2024-04-06 14:50:41+05:30,1420,167,43,33.3,41,555,0,3
2024-04-06 14:51:44+05:30,1421,176,42,33.3,41,553,1,4
2024-04-06 14:52:46+05:30,1422,168,38,33.3,41,549,0,0
2024-04-06 14:53:47+05:30,1423,169,39,33.7,41,540,0,0
2024-04-06 14:54:49+05:30,1424,167,38,33.4,41,476,1,0
2024-04-06 14:55:51+05:30,1425,168,40,33.4,41,548,0,0
2024-04-06 14:56:53+05:30,1426,165,38,33.3,41,551,1,0
2024-04-06 14:57:54+05:30,1427,170,40,33.3,41,548,0,14
2024-04-06 14:58:56+05:30,1428,167,43,33.3,41,560,0,5
2024-04-06 14:59:57+05:30,1429,165,42,33.3,41,561,0,7
2024-04-06 15:00:59+05:30,1430,165,38,33.3,41,567,1,0
2024-04-06 15:02:00+05:30,1431,165,38,33.3,41,569,0,0
2024-04-06 15:03:02+05:30,1432,166,41,33.3,41,575,1,7
2024-04-06 15:04:04+05:30,1433,165,35,33.3,42,572,0,0
2024-04-06 15:05:05+05:30,1434,165,41,33.3,42,537,0,0
2024-04-06 15:06:07+05:30,1435,164,35,33.3,42,570,0,0
2024-04-06 15:07:08+05:30,1436,165,38,33.3,42,577,1,7
2024-04-06 15:08:10+05:30,1437,165,35,33.3,42,567,0,17
2024-04-06 15:09:12+05:30,1438,166,41,33.3,42,566,1,2
2024-04-06 15:10:13+05:30,1439,165,35,33.3,42,560,0,0
2024-04-06 15:11:15+05:30,1440,163,38,33.3,42,534,0,0
2024-04-06 15:12:16+05:30,1441,163,41,33.3,41,534,0,18
2024-04-06 15:13:18+05:30,1442,164,36,33.4,41,529,0,0
2024-04-06 15:14:20+05:30,1443,163,37,33.3,41,534,1,0
2024-04-06 15:15:22+05:30,1444,168,40,33.3,41,539,0,0
2024-04-06 15:16:23+05:30,1445,163,37,33.3,41,533,1,15
2024-04-06 15:17:25+05:30,1446,168,35,33.3,41,537,1,0
2024-04-06 15:18:26+05:30,1447,167,42,33.3,41,549,0,4
2024-04-06 15:19:28+05:30,1448,163,42,33.3,41,548,0,1
2024-04-06 15:20:30+05:30,1449,163,38,33.3,41,551,1,1
2024-04-06 15:21:31+05:30,1450,163,38,33.3,41,485,1,0
2024-04-06 15:22:33+05:30,1451,167,44,33.3,41,542,1,26
2024-04-06 15:23:35+05:30,1452,163,38,33.3,41,540,0,0
2024-04-06 15:24:37+05:30,1453,159,38,33.3,41,542,1,0
2024-04-06 15:25:38+05:30,1454,159,38,33.4,41,548,1,1
2024-04-06 15:26:40+05:30,1455,161,41,33.4,41,400,0,2
2024-04-06 15:27:42+05:30,1456,164,40,33.4,41,536,1,0
2024-04-06 15:28:43+05:30,1457,161,38,33.3,41,537,0,0
2024-04-06 15:29:45+05:30,1458,160,35,33.4,41,540,0,1
2024-04-06 15:30:47+05:30,1459,160,35,33.5,41,552,0,0
2024-04-06 15:31:48+05:30,1460,160,36,33.7,41,551,0,0
2024-04-06 15:32:50+05:30,1461,170,48,33.7,41,531,1,9
2024-04-06 15:33:52+05:30,1462,164,42,33.7,41,543,0,3
2024-04-06 15:34:53+05:30,1463,162,41,33.4,41,546,1,1
2024-04-06 15:35:55+05:30,1464,165,42,33.4,41,549,0,6
2024-04-06 15:36:57+05:30,1465,163,42,33.3,41,555,0,3
2024-04-06 15:37:58+05:30,1466,167,42,33.3,41,566,1,4
2024-04-06 15:39:00+05:30,1467,163,38,33.3,41,564,1,0
2024-04-06 15:40:02+05:30,1468,163,38,33.4,41,548,0,0
2024-04-06 15:41:04+05:30,1469,162,38,33.7,41,540,1,0
2024-04-06 15:42:05+05:30,1470,159,38,33.8,41,546,0,41
2024-04-06 15:43:07+05:30,1471,159,41,33.8,41,527,1,7
2024-04-06 15:44:10+05:30,1472,164,42,33.8,41,485,1,3
2024-04-06 15:45:14+05:30,1473,162,38,33.8,41,536,0,1
2024-04-06 15:46:16+05:30,1474,162,38,33.7,41,539,1,0
2024-04-06 15:47:18+05:30,1475,168,40,33.7,41,519,0,0
2024-04-06 15:48:20+05:30,1476,168,41,33.4,41,548,0,88
2024-04-06 15:49:24+05:30,1477,167,40,33.4,41,552,1,4
2024-04-06 15:50:26+05:30,1478,163,38,33.3,41,551,0,0
2024-04-06 15:51:28+05:30,1479,164,41,33.3,41,551,1,4
2024-04-06 15:52:29+05:30,1480,163,38,33.3,41,556,1,0
2024-04-06 15:53:31+05:30,1481,164,38,33.4,41,555,0,1
2024-04-06 15:54:32+05:30,1482,168,40,33.4,41,502,,0
2024-04-06 15:55:34+05:30,1483,168,40,33.4,41,542,0,0
2024-04-06 15:56:36+05:30,1484,165,44,33.7,41,533,1,3
2024-04-06 15:57:39+05:30,1485,159,38,33.8,41,527,0,0
2024-04-06 15:58:40+05:30,1486,161,38,33.8,41,545,1,9
2024-04-06 15:59:42+05:30,1487,160,35,33.8,41,575,0,0
2024-04-06 16:00:43+05:30,1488,159,37,33.8,41,542,1,0
2024-04-06 16:01:45+05:30,1489,165,46,33.8,41,403,1,1
2024-04-06 16:02:48+05:30,1490,161,35,33.8,41,414,0,25
2024-04-06 16:03:50+05:30,1491,163,38,33.8,41,543,0,0
2024-04-06 16:04:52+05:30,1492,164,36,33.7,41,575,0,0
2024-04-06 16:05:53+05:30,1493,163,38,33.7,41,581,0,2
2024-04-06 16:06:55+05:30,1494,166,42,33.4,41,592,1,4
2024-04-06 16:07:57+05:30,1495,164,38,33.7,41,591,1,0
2024-04-06 16:08:58+05:30,1496,164,38,33.7,41,597,0,1
2024-04-06 16:10:00+05:30,1497,163,38,33.7,41,594,1,0
2024-04-06 16:11:02+05:30,1498,162,38,33.8,41,592,1,0
2024-04-06 16:12:04+05:30,1499,164,37,33.8,42,594,1,0
2024-04-06 16:13:05+05:30,1500,162,38,33.8,42,567,1,0
2024-04-06 16:14:07+05:30,1501,162,35,33.8,42,556,0,0
2024-04-06 16:15:09+05:30,1502,164,40,33.8,42,574,0,0
2024-04-06 16:16:10+05:30,1503,163,37,33.8,42,564,0,0
2024-04-06 16:17:12+05:30,1504,166,40,33.8,42,570,1,4
2024-04-06 16:18:13+05:30,1505,163,38,33.8,42,556,0,0
2024-04-06 16:19:15+05:30,1506,163,37,33.8,42,556,0,2
2024-04-06 16:20:17+05:30,1507,166,40,33.8,42,537,0,0
2024-04-06 16:21:18+05:30,1508,164,37,33.8,43,566,1,0
2024-04-06 16:22:20+05:30,1509,170,40,33.8,43,575,1,0
2024-04-06 16:23:21+05:30,1510,166,38,33.8,43,556,0,0
2024-04-06 16:24:24+05:30,1511,168,40,33.8,43,584,1,0
2024-04-06 16:25:25+05:30,1512,165,38,33.8,43,589,0,2
2024-04-06 16:26:27+05:30,1513,169,42,33.8,44,552,1,3
2024-04-06 16:27:28+05:30,1514,161,38,33.8,44,470,0,0
2024-04-06 16:28:30+05:30,1515,169,41,33.8,44,614,1,0
2024-04-06 16:29:32+05:30,1516,171,42,33.7,44,581,0,6
2024-04-06 16:30:33+05:30,1517,166,38,33.8,44,623,1,14
2024-04-06 16:31:35+05:30,1518,170,40,33.7,44,620,1,4
2024-04-06 16:32:37+05:30,1519,172,42,33.8,44,603,1,3
2024-04-06 16:33:39+05:30,1520,172,42,33.7,44,594,0,2
2024-04-06 16:34:41+05:30,1521,167,40,33.8,44,596,0,1
2024-04-06 16:35:43+05:30,1522,167,38,33.7,44,581,0,0
2024-04-06 16:36:44+05:30,1523,172,40,33.7,44,594,1,0
2024-04-06 16:37:49+05:30,1524,167,38,33.7,45,584,0,0
2024-04-06 16:38:50+05:30,1525,161,35,33.8,45,603,1,0
2024-04-06 16:39:52+05:30,1526,166,46,33.8,45,441,1,5
2024-04-06 16:40:53+05:30,1527,168,40,33.8,45,574,1,0
2024-04-06 16:41:55+05:30,1528,168,35,33.8,45,552,1,0
2024-04-06 16:42:56+05:30,1529,168,38,33.8,45,526,0,0
2024-04-06 16:43:58+05:30,1530,168,38,33.8,45,545,1,0
2024-04-06 16:44:59+05:30,1531,168,41,33.7,45,543,1,0
2024-04-06 16:46:00+05:30,1532,172,40,33.7,45,531,1,28
2024-04-06 16:47:02+05:30,1533,170,42,33.7,45,531,1,4
2024-04-06 16:48:03+05:30,1534,177,46,33.8,45,537,1,3
2024-04-06 16:49:05+05:30,1535,167,38,33.7,45,531,1,0
2024-04-06 16:50:06+05:30,1536,167,38,33.7,45,540,0,0
2024-04-06 16:51:08+05:30,1537,167,41,33.7,45,540,0,0
2024-04-06 16:52:10+05:30,1538,167,38,33.4,45,545,0,0
2024-04-06 16:53:12+05:30,1539,167,41,33.4,45,548,0,0
2024-04-06 16:54:13+05:30,1540,168,37,33.4,45,548,0,0
2024-04-06 16:55:15+05:30,1541,171,42,33.7,45,534,1,4
2024-04-06 16:56:18+05:30,1542,168,35,33.7,45,518,0,0
2024-04-06 16:57:20+05:30,1543,167,38,33.7,45,567,1,15
2024-04-06 16:58:22+05:30,1544,168,38,33.7,45,566,1,0
2024-04-06 16:59:23+05:30,1545,169,38,33.7,45,556,0,0
2024-04-06 17:00:26+05:30,1546,169,38,33.7,45,580,0,0
2024-04-06 17:01:27+05:30,1547,170,38,33.6,46,580,0,0
2024-04-06 17:02:29+05:30,1548,171,42,33.4,46,581,0,3
2024-04-06 17:03:30+05:30,1549,167,38,33.4,46,588,1,0
2024-04-06 17:04:32+05:30,1550,172,42,33.4,46,584,0,4
2024-04-06 17:05:33+05:30,1551,173,42,33.4,46,592,1,4
2024-04-06 17:06:35+05:30,1552,174,42,33.4,46,545,0,4
2024-04-06 17:07:37+05:30,1553,171,41,33.4,46,588,1,0
2024-04-06 17:08:38+05:30,1554,171,38,33.7,46,575,1,0
2024-04-06 17:09:40+05:30,1555,170,41,33.7,46,561,0,4
2024-04-06 17:10:41+05:30,1556,170,37,33.8,46,561,1,0
2024-04-06 17:11:43+05:30,1557,170,39,33.8,45,551,1,2
2024-04-06 17:12:44+05:30,1558,173,44,33.8,45,500,1,4
2024-04-06 17:13:46+05:30,1559,167,38,33.8,45,560,0,0
2024-04-06 17:14:47+05:30,1560,167,38,33.8,45,543,1,0
2024-04-06 17:15:49+05:30,1561,167,38,33.8,45,527,1,0
2024-04-06 17:16:50+05:30,1562,173,43,33.8,45,548,0,0
2024-04-06 17:17:52+05:30,1563,170,40,33.8,45,572,0,4
2024-04-06 17:18:53+05:30,1564,162,35,33.8,45,570,1,0
2024-04-06 17:19:55+05:30,1565,166,39,33.8,45,543,0,0
2024-04-06 17:20:56+05:30,1566,168,35,33.8,45,530,0,0
2024-04-06 17:21:59+05:30,1567,168,36,33.8,45,536,1,0
2024-04-06 17:23:00+05:30,1568,167,38,33.8,45,536,0,0
2024-04-06 17:24:02+05:30,1569,167,41,33.8,45,536,0,1
2024-04-06 17:25:03+05:30,1570,168,41,33.8,45,536,1,3
2024-04-06 17:26:05+05:30,1571,168,35,33.8,45,476,0,1
2024-04-06 17:27:06+05:30,1572,167,38,33.8,45,527,0,0
2024-04-06 17:28:08+05:30,1573,167,38,33.7,45,533,1,0
2024-04-06 17:29:09+05:30,1574,167,38,33.7,45,523,1,1
2024-04-06 17:30:11+05:30,1575,167,38,33.7,44,537,1,3
2024-04-06 17:31:12+05:30,1576,167,38,33.8,44,543,1,0
2024-04-06 17:32:14+05:30,1577,169,39,33.8,44,551,0,0
2024-04-06 17:33:15+05:30,1578,168,41,33.8,44,542,0,2
2024-04-06 17:34:17+05:30,1579,168,40,33.8,44,546,0,0
2024-04-06 17:35:19+05:30,1580,172,41,33.8,44,551,1,0
2024-04-06 17:36:53+05:30,1581,164,45,33.8,44,486,1,3
2024-04-06 17:37:55+05:30,1582,171,39,33.8,44,552,0,0
2024-04-06 17:38:57+05:30,1583,168,41,33.8,44,555,0,0
2024-04-06 17:39:58+05:30,1584,167,38,33.8,44,542,0,0
2024-04-06 17:41:00+05:30,1585,167,38,33.8,44,542,0,0
2024-04-06 17:42:02+05:30,1586,168,37,33.8,44,548,1,0
2024-04-06 17:43:54+05:30,1587,170,43,33.8,44,483,1,1
2024-04-06 17:44:56+05:30,1588,173,39,33.8,44,561,0,0
2024-04-06 17:45:58+05:30,1589,167,38,33.8,44,560,1,1
2024-04-06 17:46:59+05:30,1590,172,42,33.8,44,551,0,3
2024-04-06 17:48:01+05:30,1591,169,38,33.7,44,478,,0
2024-04-06 17:49:03+05:30,1592,168,37,33.7,44,549,1,0
2024-04-06 17:50:05+05:30,1593,171,42,33.7,44,546,1,9
2024-04-06 17:51:06+05:30,1594,169,38,33.7,44,533,1,0
2024-04-06 17:52:08+05:30,1595,168,37,33.8,44,542,1,0
2024-04-06 17:53:09+05:30,1596,171,44,33.8,44,545,1,3
2024-04-06 17:54:11+05:30,1597,167,38,33.8,44,497,0,0
2024-04-06 17:55:13+05:30,1598,172,40,33.8,44,527,1,0
2024-04-06 17:56:14+05:30,1599,172,43,33.8,44,526,0,33
2024-04-06 17:57:16+05:30,1600,172,40,33.8,44,518,1,8
2024-04-06 17:58:18+05:30,1601,168,37,33.8,44,536,0,0
2024-04-06 17:59:19+05:30,1602,168,36,33.8,44,553,0,0
2024-04-06 18:00:21+05:30,1603,169,41,33.8,44,560,0,1
2024-04-06 18:01:23+05:30,1604,169,38,33.7,44,567,1,0
2024-04-06 18:02:24+05:30,1605,169,38,33.7,44,570,1,1
2024-04-06 18:03:26+05:30,1606,174,40,33.7,44,570,0,0
2024-04-06 18:04:28+05:30,1607,169,35,33.7,44,552,1,0
2024-04-06 18:05:30+05:30,1608,169,35,33.7,44,577,0,0
2024-04-06 18:06:32+05:30,1609,168,40,33.7,45,591,0,0
2024-04-06 18:07:34+05:30,1610,175,40,33.4,45,591,1,8
2024-04-06 18:08:57+05:30,1611,165,43,33.4,45,527,0,0
2024-04-06 18:09:59+05:30,1612,177,43,33.4,45,605,1,3
2024-04-06 18:11:01+05:30,1613,178,40,33.4,45,611,0,4
2024-04-06 18:12:02+05:30,1614,173,39,33.4,45,615,0,0
2024-04-06 18:13:03+05:30,1615,180,48,33.4,45,614,0,9
2024-04-06 18:14:05+05:30,1616,176,40,33.4,45,476,1,0
2024-04-06 18:15:07+05:30,1617,176,40,33.3,45,617,0,0
2024-04-06 18:16:09+05:30,1618,174,40,33.4,45,620,1,0
2024-04-06 18:17:10+05:30,1619,177,42,33.4,45,603,0,4
2024-04-06 18:18:13+05:30,1620,177,42,33.4,45,464,1,5
2024-04-06 18:19:14+05:30,1621,174,39,33.4,45,631,0,0
2024-04-06 18:20:16+05:30,1622,174,41,33.4,45,643,0,0
2024-04-06 18:21:18+05:30,1623,176,35,33.4,45,640,1,9
2024-04-06 18:22:20+05:30,1624,178,40,33.7,46,465,0,4
2024-04-06 18:23:22+05:30,1625,176,37,33.7,46,649,0,0
2024-04-06 18:24:23+05:30,1626,178,43,33.5,46,572,1,10
2024-04-06 18:25:25+05:30,1627,178,43,33.4,46,631,1,6
2024-04-06 18:26:27+05:30,1628,176,40,33.4,46,629,0,16
2024-04-06 18:27:28+05:30,1629,178,42,33.4,46,633,0,4
2024-04-06 18:28:30+05:30,1630,176,40,33.4,46,645,0,0
2024-04-06 18:29:32+05:30,1631,179,44,33.4,46,643,1,3
2024-04-06 18:30:33+05:30,1632,176,37,33.4,46,627,0,0
2024-04-06 18:31:35+05:30,1633,175,39,33.4,46,641,1,0
2024-04-06 18:32:37+05:30,1634,175,39,33.4,46,640,1,0
2024-04-06 18:33:38+05:30,1635,179,42,33.4,46,643,0,4
2024-04-06 18:34:40+05:30,1636,173,39,33.4,46,589,,2
2024-04-06 18:35:59+05:30,1637,180,43,33.3,46,565,1,0
2024-04-06 18:37:01+05:30,1638,187,43,33.4,46,643,0,0
2024-04-06 18:38:02+05:30,1639,179,42,33.3,46,633,0,0
2024-04-06 18:39:04+05:30,1640,181,40,33.4,46,631,0,0
2024-04-06 18:40:05+05:30,1641,177,39,33.4,46,597,1,0
2024-04-06 18:41:07+05:30,1642,180,44,33.4,46,565,1,4
2024-04-06 18:42:09+05:30,1643,175,39,33.5,46,634,0,0
2024-04-06 18:43:10+05:30,1644,182,40,33.7,46,626,0,0
2024-04-06 18:44:12+05:30,1645,175,39,33.6,46,483,1,0
2024-04-06 18:45:14+05:30,1646,177,41,33.6,46,633,0,1
2024-04-06 18:46:15+05:30,1647,179,42,33.6,46,627,1,3
2024-04-06 18:47:17+05:30,1648,180,43,33.4,46,629,0,4
2024-04-06 18:48:18+05:30,1649,178,39,33.4,46,626,0,0
2024-04-06 18:49:20+05:30,1650,177,39,33.4,46,602,0,0
2024-04-06 18:50:22+05:30,1651,180,44,33.7,46,588,0,4
2024-04-06 18:51:23+05:30,1652,176,35,33.8,46,584,0,0
2024-04-06 18:52:25+05:30,1653,181,44,33.8,46,575,0,3
2024-04-06 18:53:26+05:30,1654,175,39,33.8,46,581,1,0
2024-04-06 18:54:29+05:30,1655,177,37,33.8,45,744,1,0
2024-04-06 18:55:30+05:30,1656,181,39,33.8,45,749,1,0
2024-04-06 18:56:32+05:30,1657,179,39,33.8,45,748,1,0
2024-04-06 18:57:34+05:30,1658,181,39,33.8,45,717,0,0
2024-04-06 18:58:35+05:30,1659,180,39,33.8,45,683,1,0
2024-04-06 18:59:38+05:30,1660,180,39,33.8,45,650,1,6
2024-04-06 19:00:39+05:30,1661,179,43,33.8,45,574,0,2
2024-04-06 19:01:41+05:30,1662,176,39,33.8,45,614,0,0
2024-04-06 19:02:43+05:30,1663,181,44,33.8,45,592,1,3
2024-04-06 19:03:44+05:30,1664,177,42,33.8,44,508,1,0
2024-04-06 19:04:46+05:30,1665,175,39,33.8,44,527,1,0
2024-04-06 19:05:48+05:30,1666,172,37,33.8,44,534,1,0
2024-04-06 19:06:50+05:30,1667,174,41,33.8,43,492,0,0
2024-04-06 19:08:03+05:30,1668,175,39,33.8,44,448,0,0
2024-04-06 19:09:04+05:30,1669,181,42,33.8,43,487,1,10
2024-04-06 19:10:06+05:30,1670,175,42,33.8,43,515,0,0
2024-04-06 19:11:07+05:30,1671,176,40,33.8,43,524,,0
2024-04-06 19:12:09+05:30,1672,173,41,33.8,43,520,1,0
2024-04-06 19:13:10+05:30,1673,173,38,33.8,43,531,1,0
2024-04-06 19:14:12+05:30,1674,173,39,33.8,43,534,1,0
2024-04-06 19:15:02+05:30,1675,169,48,33.8,43,459,1,5
2024-04-06 19:16:05+05:30,1676,175,38,33.8,43,530,1,1
2024-04-06 19:17:06+05:30,1677,176,35,33.8,43,400,0,0
2024-04-06 19:18:08+05:30,1678,173,38,33.8,43,418,1,0
2024-04-06 19:19:09+05:30,1679,175,38,33.8,43,552,0,0
2024-04-06 19:20:11+05:30,1680,177,39,33.8,43,565,1,0
2024-04-06 19:21:14+05:30,1681,179,43,33.8,43,575,1,0
2024-04-06 19:23:21+05:30,1682,175,39,33.8,43,686,1,0
2024-04-06 19:24:22+05:30,1683,181,40,33.8,44,692,1,0
2024-04-06 19:25:23+05:30,1684,175,39,33.8,44,712,0,0
2024-04-06 19:26:24+05:30,1685,175,39,33.8,44,712,0,0
2024-04-06 19:27:26+05:30,1686,175,39,33.8,44,668,0,0
2024-04-06 19:28:28+05:30,1687,176,41,33.8,43,746,0,2
2024-04-06 19:29:29+05:30,1688,176,41,33.8,44,746,0,1
2024-04-06 19:30:31+05:30,1689,175,38,33.8,44,640,0,0
2024-04-06 19:32:05+05:30,1690,179,43,33.8,44,678,0,1
2024-04-06 19:33:06+05:30,1691,183,39,33.8,44,715,0,0
2024-04-06 19:34:08+05:30,1692,184,37,33.8,44,776,1,0
2024-04-06 19:35:09+05:30,1693,182,42,33.8,44,737,1,1
2024-04-06 19:36:11+05:30,1694,181,39,33.8,44,638,1,0
2024-04-06 19:37:12+05:30,1695,182,41,33.8,44,715,0,0
2024-04-06 19:38:15+05:30,1696,181,42,33.8,44,726,0,3
2024-04-06 19:39:17+05:30,1697,186,40,33.8,44,671,0,0
2024-04-06 19:40:18+05:30,1698,184,42,33.8,44,710,1,4
2024-04-06 19:41:20+05:30,1699,181,41,33.8,44,700,0,0
2024-04-06 19:42:22+05:30,1700,186,40,33.8,44,672,1,0
2024-04-06 19:43:24+05:30,1701,180,37,33.8,44,697,0,0
2024-04-06 19:44:25+05:30,1702,184,37,33.8,44,697,1,0
2024-04-06 19:45:27+05:30,1703,181,41,33.8,44,690,0,0
2024-04-06 19:46:29+05:30,1704,180,41,33.8,43,686,1,2
2024-04-06 19:48:07+05:30,1705,177,43,33.8,44,600,0,0
2024-04-06 19:49:09+05:30,1706,183,41,33.8,44,683,1,27
2024-04-06 19:50:10+05:30,1707,181,44,33.8,44,682,1,34
2024-04-06 19:51:12+05:30,1708,181,38,33.8,44,679,1,1
2024-04-06 19:52:13+05:30,1709,181,42,33.8,44,683,1,13
2024-04-06 19:53:15+05:30,1710,180,39,33.8,44,690,0,0
2024-04-06 19:54:17+05:30,1711,179,39,33.8,45,706,1,0
2024-04-06 19:55:19+05:30,1712,181,39,33.8,45,710,1,0
2024-04-06 19:56:20+05:30,1713,182,39,33.8,45,708,1,0
2024-04-06 19:57:22+05:30,1714,185,43,33.8,45,714,0,4
2024-04-06 19:58:23+05:30,1715,183,39,33.8,45,730,1,0
2024-04-06 19:59:25+05:30,1716,184,37,33.8,46,754,0,0
2024-04-06 20:01:07+05:30,1717,184,41,33.8,46,690,0,0
2024-04-06 20:02:09+05:30,1718,191,43,33.8,47,825,1,3
2024-04-06 20:03:11+05:30,1719,188,40,33.8,47,830,0,0
2024-04-06 20:04:13+05:30,1720,186,39,33.8,48,834,0,0
2024-04-06 20:05:15+05:30,1721,192,41,33.8,48,832,0,64
2024-04-06 20:06:16+05:30,1722,185,39,33.8,48,832,0,0
2024-04-06 20:07:18+05:30,1723,186,39,33.8,49,853,1,1
2024-04-06 20:08:09+05:30,1724,186,43,33.8,49,759,1,0
2024-04-06 20:09:12+05:30,1725,192,39,33.8,49,865,0,0
2024-04-06 20:10:13+05:30,1726,194,40,33.8,49,891,1,0
2024-04-06 20:11:16+05:30,1727,192,43,33.8,49,891,1,0
2024-04-06 20:12:18+05:30,1728,187,39,33.8,50,900,0,1
2024-04-06 20:13:19+05:30,1729,191,43,33.8,50,918,0,6
2024-04-06 20:14:09+05:30,1730,182,43,33.8,50,783,0,0
2024-04-06 20:15:10+05:30,1731,192,39,33.8,50,909,0,1
2024-04-06 20:16:12+05:30,1732,194,44,33.8,51,920,1,4
2024-04-06 20:17:14+05:30,1733,189,39,33.8,51,907,1,1
2024-04-06 20:18:16+05:30,1734,190,43,33.8,51,872,0,13
2024-04-06 20:19:18+05:30,1735,189,39,33.8,51,887,0,0
2024-04-06 20:20:19+05:30,1736,191,45,33.8,51,880,0,1
2024-04-06 20:21:22+05:30,1737,189,39,33.8,51,857,0,0
2024-04-06 20:22:24+05:30,1738,189,39,33.8,52,834,0,1
2024-04-06 20:23:25+05:30,1739,188,39,33.8,52,840,1,0
2024-04-06 20:24:27+05:30,1740,189,42,33.8,52,819,0,0
2024-04-06 20:25:29+05:30,1741,188,39,33.8,52,848,1,0
2024-04-06 20:26:31+05:30,1742,190,39,33.8,53,887,0,0
2024-04-06 20:27:32+05:30,1743,190,39,33.8,53,865,0,0
2024-04-06 20:28:34+05:30,1744,191,42,33.8,53,889,0,0
2024-04-06 20:29:37+05:30,1745,191,42,33.8,53,897,1,11
2024-04-06 20:30:38+05:30,1746,195,43,33.8,54,802,1,6
2024-04-06 20:31:40+05:30,1747,192,39,33.8,54,895,0,1
2024-04-06 20:32:41+05:30,1748,198,40,33.8,54,909,0,0
2024-04-06 20:33:43+05:30,1749,188,37,33.8,54,920,1,0
2024-04-06 20:34:45+05:30,1750,192,39,33.8,55,907,0,11
2024-04-06 20:35:47+05:30,1751,192,39,33.8,55,882,1,0
2024-04-06 20:36:48+05:30,1752,192,39,33.8,55,902,1,1
2024-04-06 20:37:52+05:30,1753,191,41,33.8,55,920,0,2
2024-04-06 20:38:53+05:30,1754,192,37,33.8,55,909,1,0
2024-04-06 20:39:11+05:30,1755,179,43,33.8,55,770,0,1
2024-04-06 20:40:13+05:30,1756,194,43,33.8,55,923,0,3
2024-04-06 20:41:14+05:30,1757,194,37,33.8,56,817,1,1
2024-04-06 20:42:16+05:30,1758,195,39,33.8,56,907,1,5
2024-04-06 20:43:18+05:30,1759,197,39,33.8,56,905,0,0
2024-04-06 20:44:19+05:30,1760,191,41,33.8,56,902,0,1
2024-04-06 20:45:12+05:30,1761,213,47,33.8,56,793,1,0
2024-04-06 20:46:14+05:30,1762,205,37,33.8,56,927,1,0
2024-04-06 20:47:15+05:30,1763,200,37,33.8,56,923,0,0
2024-04-06 20:48:17+05:30,1764,199,43,33.8,56,925,0,18
2024-04-06 20:49:19+05:30,1765,196,37,33.8,56,855,,0
2024-04-06 20:50:20+05:30,1766,201,43,33.8,56,930,0,15
2024-04-06 20:51:22+05:30,1767,195,43,33.8,56,927,0,2
2024-04-06 20:52:23+05:30,1768,197,43,33.8,56,918,0,4
2024-04-06 20:53:25+05:30,1769,194,39,33.8,56,923,0,0
2024-04-06 20:54:27+05:30,1770,194,39,33.8,56,909,0,0
2024-04-06 20:55:28+05:30,1771,195,39,33.8,57,874,1,0
2024-04-06 20:56:30+05:30,1772,196,40,33.8,57,872,1,0
2024-04-06 20:57:32+05:30,1773,193,39,33.8,57,785,0,0
2024-04-06 20:58:35+05:30,1774,194,43,33.8,57,848,1,3
2024-04-06 20:59:37+05:30,1775,194,39,33.8,57,834,1,0
2024-04-06 21:00:39+05:30,1776,193,39,33.8,57,853,0,0
2024-04-06 21:01:40+05:30,1777,194,39,33.8,57,844,1,0
2024-04-06 21:02:42+05:30,1778,200,40,33.8,57,830,0,0
2024-04-06 21:03:44+05:30,1779,198,40,33.8,57,848,0,4
2024-04-06 21:04:45+05:30,1780,198,40,33.8,57,836,0,0
2024-04-06 21:05:15+05:30,1781,187,43,33.8,58,715,0,0
2024-04-06 21:06:17+05:30,1782,198,39,33.8,58,844,1,0
2024-04-06 21:07:18+05:30,1783,196,39,33.8,58,838,,0
2024-04-06 21:08:19+05:30,1784,200,40,33.8,58,838,1,4
2024-04-06 21:09:21+05:30,1785,199,44,33.8,58,855,0,5
2024-04-06 21:10:23+05:30,1786,199,44,33.8,58,851,1,3
2024-04-06 21:11:24+05:30,1787,197,40,33.8,58,880,0,3
2024-04-06 21:12:26+05:30,1788,199,43,33.8,58,848,1,3
2024-04-06 21:13:27+05:30,1789,196,37,33.8,58,715,1,17
2024-04-06 21:14:29+05:30,1790,195,39,33.8,58,804,0,0
2024-04-06 21:15:31+05:30,1791,200,44,33.8,59,821,1,4
2024-04-06 21:16:32+05:30,1792,201,40,33.8,59,857,1,8
2024-04-06 21:17:34+05:30,1793,198,39,33.8,59,817,0,9
2024-04-06 21:19:16+05:30,1794,198,43,33.8,59,683,1,0
2024-04-06 21:20:18+05:30,1795,205,44,33.8,59,785,1,3
2024-04-06 21:21:18+05:30,1796,202,44,33.8,60,672,1,0
2024-04-06 21:22:20+05:30,1797,212,41,33.8,60,754,0,0
2024-04-06 21:23:22+05:30,1798,196,39,33.8,60,730,1,0
2024-04-06 21:24:24+05:30,1799,189,40,33.8,60,672,1,0
2024-04-06 21:25:25+05:30,1800,186,39,33.8,60,732,1,4
2024-04-06 21:26:16+05:30,1801,177,43,33.8,61,640,0,0
2024-04-06 21:27:18+05:30,1802,198,40,33.8,61,730,0,0
2024-04-06 21:28:20+05:30,1803,200,39,33.8,61,740,1,0
2024-04-06 21:29:21+05:30,1804,205,37,33.8,61,757,1,0
2024-04-06 21:30:23+05:30,1805,203,43,33.8,61,757,1,0
2024-04-06 21:31:25+05:30,1806,204,37,33.8,61,737,0,0
2024-04-06 21:32:27+05:30,1807,204,40,33.8,61,733,1,0
2024-04-06 21:33:28+05:30,1808,206,39,33.8,61,742,0,93
2024-04-06 21:34:31+05:30,1809,209,44,33.8,61,748,1,4
2024-04-06 21:35:32+05:30,1810,208,39,33.8,61,674,1,51
2024-04-06 21:36:36+05:30,1811,208,37,33.8,61,717,0,0
2024-04-06 21:37:38+05:30,1812,212,43,33.8,61,708,1,9
2024-04-06 21:38:40+05:30,1813,207,39,33.8,61,704,0,0
2024-04-06 21:39:42+05:30,1814,208,39,33.8,61,715,0,0
2024-04-06 21:40:44+05:30,1815,208,39,33.8,62,744,0,0
2024-04-06 21:41:45+05:30,1816,210,40,33.8,62,744,1,12
2024-04-06 21:42:47+05:30,1817,208,39,33.8,62,746,0,1
2024-04-06 21:43:48+05:30,1818,209,44,33.8,62,659,0,3
2024-04-06 21:44:50+05:30,1819,206,43,33.8,61,754,1,3
2024-04-06 21:45:52+05:30,1820,205,39,33.8,62,737,0,7
2024-04-06 21:46:54+05:30,1821,204,43,33.8,61,733,1,0
2024-04-06 21:47:56+05:30,1822,205,39,33.8,61,765,0,11
2024-04-06 21:48:22+05:30,1823,199,44,33.8,61,656,1,0
2024-04-06 21:49:24+05:30,1824,211,46,33.8,61,737,1,5
2024-04-06 21:50:26+05:30,1825,207,41,33.8,61,692,0,0
2024-04-06 21:51:20+05:30,1826,206,44,33.8,61,600,0,0
2024-04-06 21:52:21+05:30,1827,214,40,33.8,61,678,0,0
2024-04-06 21:53:19+05:30,1828,211,44,33.8,61,574,0,59
2024-04-06 21:54:20+05:30,1829,218,40,33.8,61,652,0,0
2024-04-06 21:55:22+05:30,1830,207,40,33.8,61,666,0,0
2024-04-06 21:56:23+05:30,1831,207,41,33.8,61,620,0,1
2024-04-06 21:57:25+05:30,1832,209,40,33.8,61,611,0,0
2024-04-06 21:58:20+05:30,1833,204,43,33.8,61,527,1,0
2024-04-06 21:59:22+05:30,1834,207,40,33.8,61,552,0,0
2024-04-06 22:00:24+05:30,1835,204,37,33.8,61,566,1,1
2024-04-06 22:01:25+05:30,1836,203,39,33.8,61,564,1,0
2024-04-06 22:02:27+05:30,1837,207,41,33.8,61,549,0,0
2024-04-06 22:03:29+05:30,1838,193,39,33.7,61,548,0,41
2024-04-06 22:04:30+05:30,1839,191,40,33.7,61,531,0,6
2024-04-06 22:05:31+05:30,1840,185,39,33.4,61,549,0,0
2024-04-06 22:06:20+05:30,1841,185,47,33.4,61,470,1,1
2024-04-06 22:07:22+05:30,1842,186,42,33.7,61,526,1,2
2024-04-06 22:08:24+05:30,1843,183,39,33.6,61,543,0,120
2024-04-06 22:09:27+05:30,1844,181,39,33.7,61,546,0,0
2024-04-06 22:10:21+05:30,1845,176,41,33.7,61,466,0,56
2024-04-06 22:11:22+05:30,1846,183,39,33.7,61,574,0,0
2024-04-06 22:12:23+05:30,1847,181,38,33.8,61,564,0,0
2024-04-06 22:13:24+05:30,1848,181,39,33.7,61,566,0,2
2024-04-06 22:14:26+05:30,1849,186,40,33.8,61,566,0,0
2024-04-06 22:15:28+05:30,1850,179,39,33.7,61,556,0,0
2024-04-06 22:16:29+05:30,1851,179,39,33.8,61,555,0,0
2024-04-06 22:17:31+05:30,1852,183,44,33.7,61,555,1,3
2024-04-06 22:19:22+05:30,1853,184,43,33.7,61,473,0,0
2024-04-06 22:20:24+05:30,1854,184,39,33.7,61,543,0,19
2024-04-06 22:21:25+05:30,1855,181,42,33.7,61,487,0,1
2024-04-06 22:22:27+05:30,1856,184,40,33.8,61,536,0,0
2024-04-06 22:23:28+05:30,1857,179,39,33.8,61,551,1,0
2024-04-06 22:24:30+05:30,1858,179,39,33.8,61,536,0,2
2024-04-06 22:25:31+05:30,1859,178,37,33.7,61,553,0,0
2024-04-06 22:26:33+05:30,1860,178,37,33.7,61,530,0,8
2024-04-06 22:27:35+05:30,1861,178,39,33.7,61,566,0,0
2024-04-06 22:28:36+05:30,1862,177,37,33.7,61,546,0,0
2024-04-06 22:29:38+05:30,1863,177,42,33.7,61,497,1,1
2024-04-06 22:30:40+05:30,1864,177,37,33.7,60,524,1,0
2024-04-06 22:31:42+05:30,1865,177,39,33.7,60,536,1,0
2024-04-06 22:32:43+05:30,1866,177,41,33.7,60,530,0,0
2024-04-06 22:33:46+05:30,1867,177,39,33.8,60,542,0,0
2024-04-06 22:34:29+05:30,1868,174,46,33.8,60,413,0,4
2024-04-06 22:35:31+05:30,1869,181,43,33.8,60,531,0,2
2024-04-06 22:36:32+05:30,1870,176,42,33.7,60,529,0,3
2024-04-06 22:37:35+05:30,1871,184,35,33.7,60,508,0,0
2024-04-06 22:38:37+05:30,1872,187,35,33.7,60,529,0,0
2024-04-06 22:39:39+05:30,1873,191,40,33.7,59,531,1,0
2024-04-06 22:40:40+05:30,1874,194,39,33.5,59,534,1,22
2024-04-06 22:41:43+05:30,1875,194,43,33.8,59,543,0,3
2024-04-06 22:42:45+05:30,1876,189,39,33.6,59,543,,0
2024-04-06 22:43:47+05:30,1877,194,39,33.7,59,542,0,0
2024-04-06 22:44:24+05:30,1878,192,48,33.5,59,463,1,2
2024-04-06 22:45:26+05:30,1879,200,37,33.4,59,537,0,11
2024-04-06 22:46:28+05:30,1880,197,39,33.4,59,546,0,0
2024-04-06 22:47:30+05:30,1881,197,39,33.4,59,542,0,3
2024-04-06 22:48:31+05:30,1882,196,43,33.7,59,534,,5
2024-04-06 22:49:33+05:30,1883,196,37,33.5,59,543,1,0
2024-04-06 22:50:35+05:30,1884,199,44,33.4,58,553,1,51
2024-04-06 22:51:37+05:30,1885,199,44,33.3,58,553,0,0
2024-04-06 22:52:39+05:30,1886,196,40,33.3,58,556,0,0
2024-04-06 22:53:42+05:30,1887,195,39,33.3,58,454,0,23
2024-04-06 22:54:43+05:30,1888,199,40,33.4,58,561,0,4
2024-04-06 22:55:45+05:30,1889,195,39,33.7,58,565,0,0
2024-04-06 22:56:25+05:30,1890,188,42,33.8,58,477,1,0
2024-04-06 22:57:27+05:30,1891,199,41,33.7,58,581,0,0
2024-04-06 22:58:29+05:30,1892,200,37,33.7,58,578,1,0
2024-04-06 22:59:30+05:30,1893,198,43,33.7,58,591,0,0
2024-04-06 23:00:32+05:30,1894,202,44,33.8,58,618,0,5
2024-04-06 23:01:34+05:30,1895,195,39,33.8,58,637,0,2
2024-04-06 23:02:35+05:30,1896,198,40,33.8,58,553,0,0
2024-04-06 23:03:26+05:30,1897,188,43,33.8,58,586,1,0
2024-04-06 23:04:28+05:30,1898,199,39,33.8,58,697,1,0
2024-04-06 23:05:30+05:30,1899,194,39,33.8,59,692,0,183
2024-04-06 23:06:32+05:30,1900,199,39,33.8,59,714,0,3
2024-04-06 23:07:34+05:30,1901,199,39,33.8,59,712,1,0
2024-04-06 23:08:36+05:30,1902,199,39,33.8,59,740,1,0
2024-04-06 23:09:37+05:30,1903,201,39,33.8,59,754,1,0
2024-04-06 23:10:39+05:30,1904,199,39,33.8,59,715,0,0
2024-04-06 23:11:40+05:30,1905,200,43,33.8,60,752,1,29
2024-04-06 23:12:42+05:30,1906,204,40,33.8,60,783,1,4
2024-04-06 23:13:44+05:30,1907,200,37,33.8,60,800,0,0
2024-04-06 23:14:45+05:30,1908,201,43,33.8,60,763,0,19
2024-04-06 23:15:46+05:30,1909,206,40,33.7,60,710,0,4
2024-04-06 23:16:48+05:30,1910,201,39,33.7,60,692,,7
2024-04-06 23:17:49+05:30,1911,205,44,33.7,59,715,1,20
2024-04-06 23:18:51+05:30,1912,202,39,33.7,59,732,0,1
2024-04-06 23:19:52+05:30,1913,203,39,33.7,59,737,0,0
2024-04-06 23:20:54+05:30,1914,205,44,33.8,59,742,1,3
2024-04-06 23:21:55+05:30,1915,208,40,33.7,59,757,1,0
2024-04-06 23:22:57+05:30,1916,204,39,33.6,60,748,1,0
2024-04-06 23:23:59+05:30,1917,205,43,33.4,60,754,1,1
2024-04-06 23:25:01+05:30,1918,208,40,33.6,60,778,0,2
2024-04-06 23:26:03+05:30,1919,205,43,33.3,60,752,0,2
2024-04-06 23:27:04+05:30,1920,206,40,33.3,60,726,1,0
2024-04-06 23:28:06+05:30,1921,204,39,33.3,61,774,0,0
2024-04-06 23:29:08+05:30,1922,205,39,33.3,61,772,1,23
2024-04-06 23:30:10+05:30,1923,210,42,33.3,61,717,0,0
2024-04-06 23:30:29+05:30,1924,197,47,33.3,61,668,0,2
2024-04-06 23:31:31+05:30,1925,209,39,33.3,61,783,1,0
2024-04-06 23:32:32+05:30,1926,212,40,33.3,61,783,0,2
2024-04-06 23:33:34+05:30,1927,212,40,33.3,62,763,1,4
2024-04-06 23:34:36+05:30,1928,209,44,33.3,62,772,1,4
2024-04-06 23:35:37+05:30,1929,210,44,33.3,62,765,0,4
2024-04-06 23:36:40+05:30,1930,208,40,33.3,62,748,0,0
2024-04-06 23:37:41+05:30,1931,216,40,33.3,62,746,0,0
2024-04-06 23:38:43+05:30,1932,208,40,33.3,62,754,0,0
2024-04-06 23:39:44+05:30,1933,205,43,33.3,62,746,1,5
2024-04-06 23:40:47+05:30,1934,207,44,33.3,62,732,0,4
2024-04-06 23:41:48+05:30,1935,203,44,33.3,62,719,1,1
2024-04-06 23:42:50+05:30,1936,202,39,33.3,62,757,1,0
2024-04-06 23:43:51+05:30,1937,207,42,33.3,63,780,0,4
2024-04-06 23:44:53+05:30,1938,212,40,33.3,63,770,1,8
2024-04-06 23:45:54+05:30,1939,209,39,33.3,63,776,1,0
2024-04-06 23:46:56+05:30,1940,215,46,33.3,63,776,1,4
2024-04-06 23:47:58+05:30,1941,212,37,33.3,63,783,0,0
2024-04-06 23:48:59+05:30,1942,211,44,33.3,63,772,1,8
2024-04-06 23:50:01+05:30,1943,215,46,33.3,63,763,1,4
2024-04-06 23:51:03+05:30,1944,209,39,33.3,63,778,0,0
2024-04-06 23:52:04+05:30,1945,211,40,33.3,63,776,1,0
2024-04-06 23:53:06+05:30,1946,208,37,33.3,63,763,1,10
2024-04-06 23:54:08+05:30,1947,219,40,33.3,63,763,0,4
2024-04-06 23:55:09+05:30,1948,222,40,33.3,63,763,0,4
2024-04-06 23:56:10+05:30,1949,215,40,33.3,63,715,1,4
2024-04-06 23:57:12+05:30,1950,203,41,33.3,63,712,1,0
2024-04-06 23:58:14+05:30,1951,198,39,33.3,63,710,1,0
2024-04-06 23:59:15+05:30,1952,194,39,33.3,63,700,,0
2024-04-07 00:00:18+05:30,1953,196,43,33.3,63,710,0,1
2024-04-07 00:01:19+05:30,1954,201,44,33.3,64,732,0,10
2024-04-07 00:02:21+05:30,1955,200,37,33.3,64,742,0,0
2024-04-07 00:03:35+05:30,1956,187,43,33.3,64,710,0,2
2024-04-07 00:04:37+05:30,1957,208,40,33.3,64,817,0,0
2024-04-07 00:05:38+05:30,1958,212,43,33.3,64,798,1,79
2024-04-07 00:06:39+05:30,1959,208,39,33.3,64,772,1,0
2024-04-07 00:07:41+05:30,1960,206,40,33.3,64,791,0,0
2024-04-07 00:08:42+05:30,1961,204,37,33.3,65,772,1,17
2024-04-07 00:10:49+05:30,1962,208,40,33.3,65,733,0,8
2024-04-07 00:11:33+05:30,1963,200,43,33.2,65,643,1,33
2024-04-07 00:12:34+05:30,1964,211,43,33.2,65,708,0,2
2024-04-07 00:13:36+05:30,1965,208,39,32.8,66,694,1,1
2024-04-07 00:14:37+05:30,1966,207,42,33.3,65,702,0,6
2024-04-07 00:15:38+05:30,1967,203,43,33.2,65,700,0,0
2024-04-07 00:17:38+05:30,1968,208,45,32.8,66,560,,3
2024-04-07 00:21:34+05:30,1969,223,48,32.3,67,675,1,4
2024-04-07 00:22:35+05:30,1970,201,39,32.4,67,759,1,0
2024-04-07 00:27:34+05:30,1971,218,48,32.8,67,656,0,127
2024-04-07 00:29:34+05:30,1972,217,45,32.8,67,672,0,128
2024-04-07 00:30:35+05:30,1973,214,46,32.8,67,686,0,1
2024-04-07 00:31:37+05:30,1974,210,40,32.8,67,772,0,28
2024-04-07 00:32:38+05:30,1975,199,43,32.8,67,717,0,4
2024-04-07 00:33:35+05:30,1976,206,44,32.8,67,690,,0
2024-04-07 00:34:36+05:30,1977,199,39,32.8,67,783,0,0
2024-04-07 00:35:38+05:30,1978,195,39,32.8,67,757,0,0
2024-04-07 00:36:39+05:30,1979,193,42,32.8,67,752,1,5
2024-04-07 00:37:40+05:30,1980,194,42,32.8,67,749,1,5
2024-04-07 00:38:42+05:30,1981,191,42,32.8,67,749,0,4
2024-04-07 00:39:43+05:30,1982,191,38,32.8,68,740,1,27
2024-04-07 00:40:44+05:30,1983,190,41,32.8,67,746,1,2
2024-04-07 00:41:46+05:30,1984,193,42,32.8,67,827,0,2
2024-04-07 00:42:47+05:30,1985,192,36,32.8,67,806,0,0
2024-04-07 00:43:49+05:30,1986,196,40,32.8,68,733,1,4
2024-04-07 00:44:51+05:30,1987,195,43,32.8,68,785,1,45
2024-04-07 00:45:52+05:30,1988,191,42,32.8,68,763,1,2
2024-04-07 00:46:53+05:30,1989,189,39,32.8,68,763,0,0
2024-04-07 00:47:54+05:30,1990,191,40,32.8,68,759,1,4
2024-04-07 00:48:55+05:30,1991,190,40,32.8,68,757,0,0
2024-04-07 00:49:56+05:30,1992,188,40,32.8,68,740,0,0
2024-04-07 00:50:58+05:30,1993,187,41,32.8,68,740,1,0
2024-04-07 00:51:59+05:30,1994,187,38,32.8,68,763,,3
2024-04-07 00:53:00+05:30,1995,187,38,32.8,68,749,0,12
2024-04-07 00:54:03+05:30,1996,187,38,32.8,68,704,1,0
2024-04-07 00:55:04+05:30,1997,191,40,32.8,68,765,0,0
2024-04-07 00:56:05+05:30,1998,184,35,32.8,68,763,1,55
2024-04-07 00:57:07+05:30,1999,189,42,32.8,68,752,1,3
2024-04-07 00:58:09+05:30,2000,188,41,32.8,68,761,0,1
2024-04-07 00:59:10+05:30,2001,189,38,32.8,68,772,1,0
2024-04-07 01:00:11+05:30,2002,187,38,32.8,68,770,1,0
2024-04-07 01:01:13+05:30,2003,188,37,32.8,68,735,1,0
2024-04-07 01:02:15+05:30,2004,187,38,32.8,68,754,0,0
2024-04-07 01:03:16+05:30,2005,191,40,32.8,68,752,1,4
2024-04-07 01:04:18+05:30,2006,187,35,32.8,68,735,0,0
2024-04-07 01:05:19+05:30,2007,188,36,32.8,68,730,1,0
2024-04-07 01:06:20+05:30,2008,187,38,32.8,68,730,1,0
2024-04-07 01:07:22+05:30,2009,188,37,32.8,68,730,0,0
2024-04-07 01:08:23+05:30,2010,191,43,32.8,68,726,0,2
2024-04-07 01:09:24+05:30,2011,191,42,32.8,68,697,1,4
2024-04-07 01:10:26+05:30,2012,187,38,32.8,69,679,0,1
2024-04-07 01:11:27+05:30,2013,190,40,32.8,69,633,0,0
2024-04-07 01:12:30+05:30,2014,190,42,32.8,69,686,1,4
2024-04-07 01:13:39+05:30,2015,183,42,32.8,69,574,1,7
2024-04-07 01:14:40+05:30,2016,189,35,32.8,69,679,0,0
2024-04-07 01:15:42+05:30,2017,188,38,32.8,69,679,1,0
2024-04-07 01:16:43+05:30,2018,187,40,32.8,68,678,0,0
2024-04-07 01:17:45+05:30,2019,185,38,32.8,68,645,1,0
2024-04-07 01:18:46+05:30,2020,190,40,32.8,68,675,1,4
2024-04-07 01:19:47+05:30,2021,187,37,32.7,68,674,1,0
2024-04-07 01:20:49+05:30,2022,188,40,32.7,68,672,1,0
2024-04-07 01:21:51+05:30,2023,190,42,32.7,68,679,0,3
2024-04-07 01:22:52+05:30,2024,187,38,32.7,68,699,0,0
2024-04-07 01:23:40+05:30,2025,191,48,32.8,68,602,0,4
2024-04-07 01:24:40+05:30,2026,186,41,32.7,68,594,1,0
2024-04-07 01:25:42+05:30,2027,195,40,32.8,68,694,0,4
2024-04-07 01:26:44+05:30,2028,188,37,32.8,68,694,0,0
2024-04-07 01:27:46+05:30,2029,188,36,32.8,68,597,1,0
2024-04-07 01:28:40+05:30,2030,182,46,32.8,68,581,,26
2024-04-07 01:30:41+05:30,2031,195,43,32.4,68,605,1,0
2024-04-07 01:31:42+05:30,2032,195,42,32.4,68,682,1,1
2024-04-07 01:32:41+05:30,2033,188,40,32.4,68,584,0,0
2024-04-07 01:33:42+05:30,2034,192,40,32.4,68,660,1,0
2024-04-07 01:34:42+05:30,2035,183,42,32.4,68,580,1,0
2024-04-07 01:35:43+05:30,2036,192,35,32.4,68,679,1,0
2024-04-07 01:36:44+05:30,2037,185,47,32.4,68,564,0,2
2024-04-07 01:37:46+05:30,2038,193,43,32.4,68,660,1,0
2024-04-07 01:38:47+05:30,2039,187,38,32.4,68,675,1,3
2024-04-07 01:39:48+05:30,2040,188,38,32.4,68,672,0,0
2024-04-07 01:40:50+05:30,2041,187,38,32.4,68,674,1,0
2024-04-07 01:41:51+05:30,2042,188,37,32.4,68,666,0,0
2024-04-07 01:42:52+05:30,2043,186,38,32.4,68,666,1,0
2024-04-07 01:43:54+05:30,2044,187,41,32.3,68,665,0,2
2024-04-07 01:44:56+05:30,2045,186,38,32.3,68,617,0,0
2024-04-07 01:46:42+05:30,2046,187,42,32.3,68,597,0,0
2024-04-07 01:47:46+05:30,2047,198,44,32.3,68,657,,22
2024-04-07 01:48:48+05:30,2048,188,38,32.3,68,660,1,0
2024-04-07 01:49:49+05:30,2049,185,35,32.3,68,659,1,17
2024-04-07 01:50:50+05:30,2050,186,37,32.3,68,659,1,0
2024-04-07 01:51:51+05:30,2051,185,35,32.3,68,652,1,11
2024-04-07 01:52:53+05:30,2052,185,35,32.3,67,660,1,17
2024-04-07 01:53:54+05:30,2053,185,38,32.3,67,650,1,0
2024-04-07 01:54:55+05:30,2054,185,39,32.3,67,633,1,1
2024-04-07 01:55:56+05:30,2055,185,38,32.3,67,637,1,0
2024-04-07 01:56:58+05:30,2056,185,38,32.3,67,629,0,2
2024-04-07 01:57:59+05:30,2057,184,35,32.3,67,634,1,16
2024-04-07 01:59:01+05:30,2058,184,35,32.3,67,574,1,0
2024-04-07 02:00:02+05:30,2059,190,40,32.3,67,712,0,0
2024-04-07 02:01:04+05:30,2060,187,38,32.3,67,690,1,7
2024-04-07 02:02:06+05:30,2061,186,41,32.3,67,668,0,0
2024-04-07 02:03:08+05:30,2062,186,38,32.3,67,672,0,0
2024-04-07 02:04:09+05:30,2063,189,42,32.3,67,653,0,3
2024-04-07 02:05:10+05:30,2064,189,40,32.3,67,640,1,0
2024-04-07 02:06:11+05:30,2065,195,44,32.3,67,634,0,4
2024-04-07 02:07:13+05:30,2066,186,38,32.3,67,623,0,0
2024-04-07 02:08:14+05:30,2067,185,38,32.3,67,607,0,0
2024-04-07 02:09:16+05:30,2068,189,42,32.3,67,603,0,0
2024-04-07 02:13:54+05:30,2069,185,38,32.3,67,566,0,0
2024-04-07 02:14:45+05:30,2070,182,40,32.3,67,492,0,0
2024-04-07 02:15:46+05:30,2071,186,38,32.3,67,551,0,0
2024-04-07 02:16:47+05:30,2072,190,43,32.3,67,561,0,0
2024-04-07 02:17:49+05:30,2073,183,37,32.3,67,577,1,0
2024-04-07 02:18:45+05:30,2074,182,44,32.3,67,496,0,8
2024-04-07 02:19:46+05:30,2075,185,35,32.3,67,570,0,0
2024-04-07 02:20:47+05:30,2076,188,40,32.3,67,574,1,0
2024-04-07 02:22:46+05:30,2077,192,39,32.3,67,518,1,0
2024-04-07 02:23:47+05:30,2078,193,42,32.3,67,586,0,3
2024-04-07 02:24:49+05:30,2079,187,35,32.3,67,586,0,0
2024-04-07 02:25:50+05:30,2080,186,38,32.3,67,577,1,0
2024-04-07 02:26:51+05:30,2081,188,37,32.3,67,584,0,0
2024-04-07 02:27:52+05:30,2082,188,42,32.3,67,589,0,4
2024-04-07 02:28:54+05:30,2083,185,41,32.3,67,594,0,3
2024-04-07 02:29:55+05:30,2084,185,40,32.3,67,594,0,0
2024-04-07 02:30:46+05:30,2085,181,42,32.3,67,520,0,0
2024-04-07 02:31:48+05:30,2086,188,35,32.3,67,603,1,0
2024-04-07 02:32:47+05:30,2087,186,44,32.3,67,533,0,0
2024-04-07 02:33:48+05:30,2088,192,42,32.3,67,627,0,3
2024-04-07 02:34:49+05:30,2089,188,40,32.3,67,627,0,0
2024-04-07 02:35:51+05:30,2090,186,39,32.3,67,633,1,0
2024-04-07 02:36:52+05:30,2091,189,42,32.3,67,603,1,2
2024-04-07 02:37:53+05:30,2092,186,35,32.3,67,640,0,0
2024-04-07 02:38:54+05:30,2093,185,35,32.3,67,637,0,2
2024-04-07 02:39:56+05:30,2094,187,38,32.3,67,646,1,1
2024-04-07 02:40:57+05:30,2095,187,38,32.3,67,589,1,1
2024-04-07 02:41:58+05:30,2096,188,35,32.3,67,659,0,8
2024-04-07 02:43:00+05:30,2097,187,38,32.3,67,683,1,0
2024-04-07 02:44:01+05:30,2098,187,38,32.3,67,674,1,3
2024-04-07 02:45:02+05:30,2099,188,37,32.3,67,682,0,0
2024-04-07 02:46:03+05:30,2100,188,38,32.3,67,672,1,0
2024-04-07 02:47:05+05:30,2101,188,35,32.3,67,678,0,0
2024-04-07 02:48:06+05:30,2102,189,41,32.3,67,678,0,6
2024-04-07 02:49:07+05:30,2103,187,35,32.3,67,675,1,7
2024-04-07 02:50:08+05:30,2104,187,38,32.3,67,675,0,1
2024-04-07 02:51:09+05:30,2105,188,38,32.3,67,674,0,11
2024-04-07 02:52:10+05:30,2106,188,36,32.3,67,668,1,0
2024-04-07 02:52:49+05:30,2107,184,41,32.3,67,577,0,0
2024-04-07 02:53:50+05:30,2108,192,37,32.3,67,668,1,0
2024-04-07 02:54:51+05:30,2109,192,40,31.9,67,617,1,0
2024-04-07 02:55:53+05:30,2110,188,35,32.2,67,650,0,0
2024-04-07 02:56:55+05:30,2111,188,36,32.3,67,660,1,0
2024-04-07 02:57:56+05:30,2112,194,47,32.3,67,491,1,2
2024-04-07 02:58:57+05:30,2113,187,37,32.3,67,495,1,0
2024-04-07 02:59:58+05:30,2114,188,35,32.3,67,652,1,1
2024-04-07 03:00:49+05:30,2115,184,40,32.3,67,556,0,0
2024-04-07 03:01:51+05:30,2116,193,42,32.3,67,580,1,4
2024-04-07 03:02:53+05:30,2117,193,40,31.9,67,646,1,0
2024-04-07 03:03:54+05:30,2118,190,38,31.8,67,646,1,0
2024-04-07 03:04:56+05:30,2119,190,36,31.8,67,652,0,0
2024-04-07 03:05:57+05:30,2120,189,37,31.8,67,659,1,0
2024-04-07 03:06:58+05:30,2121,189,36,31.8,67,668,0,0
2024-04-07 03:07:59+05:30,2122,192,40,31.9,67,674,0,4
2024-04-07 03:09:01+05:30,2123,190,39,31.8,67,656,1,5
2024-04-07 03:10:02+05:30,2124,193,42,31.8,67,671,0,4
2024-04-07 03:10:51+05:30,2125,192,44,31.8,67,589,0,4
2024-04-07 03:11:52+05:30,2126,196,37,31.8,67,690,1,0
2024-04-07 03:12:51+05:30,2127,190,42,31.8,67,603,0,0
2024-04-07 03:13:52+05:30,2128,204,42,31.8,68,688,0,32
2024-04-07 03:14:54+05:30,2129,194,40,31.8,68,683,0,19
2024-04-07 03:15:55+05:30,2130,193,38,31.8,68,683,1,3
2024-04-07 03:16:56+05:30,2131,193,35,31.8,68,683,0,0
2024-04-07 03:17:58+05:30,2132,191,37,31.8,68,682,0,0
2024-04-07 03:18:59+05:30,2133,191,38,31.8,68,659,0,0
2024-04-07 03:20:00+05:30,2134,192,35,31.8,68,626,0,0
2024-04-07 03:20:52+05:30,2135,191,43,31.8,69,577,0,0
2024-04-07 03:21:53+05:30,2136,196,38,31.8,69,675,,0
2024-04-07 03:22:54+05:30,2137,194,38,31.8,69,675,1,0
2024-04-07 03:24:52+05:30,2138,199,43,31.8,69,597,1,0
2024-04-07 03:25:53+05:30,2139,199,38,31.8,69,675,0,0
2024-04-07 03:26:55+05:30,2140,196,35,31.8,69,671,1,2
2024-04-07 03:27:56+05:30,2141,198,44,31.8,69,666,0,8
2024-04-07 03:28:53+05:30,2142,191,42,31.8,69,574,1,0
2024-04-07 03:29:54+05:30,2143,196,35,31.8,69,665,1,7
2024-04-07 03:30:55+05:30,2144,199,40,31.8,69,634,0,2
2024-04-07 03:32:53+05:30,2145,199,43,31.8,69,602,0,0
2024-04-07 03:33:54+05:30,2146,200,37,31.8,69,692,1,0
2024-04-07 03:34:56+05:30,2147,196,39,31.8,69,692,1,0
2024-04-07 03:35:58+05:30,2148,195,38,31.8,69,690,0,0
2024-04-07 03:37:00+05:30,2149,197,42,31.8,69,518,1,4
2024-04-07 03:38:02+05:30,2150,196,41,31.8,69,674,1,4
2024-04-07 03:39:04+05:30,2151,197,43,31.8,69,686,1,0
2024-04-07 03:40:06+05:30,2152,195,42,31.8,69,694,1,2
2024-04-07 03:41:07+05:30,2153,195,41,31.8,69,526,,3
2024-04-07 03:42:08+05:30,2154,195,38,31.8,69,692,1,0
2024-04-07 03:43:11+05:30,2155,195,38,31.8,69,704,1,0
2024-04-07 03:44:13+05:30,2156,196,37,31.8,69,714,1,0
2024-04-07 03:45:14+05:30,2157,195,38,31.8,69,694,1,0
2024-04-07 03:46:16+05:30,2158,195,38,31.8,69,714,1,0
2024-04-07 03:47:17+05:30,2159,200,40,31.8,69,690,0,4
2024-04-07 03:48:19+05:30,2160,198,40,31.8,69,688,1,0
2024-04-07 03:49:20+05:30,2161,195,41,31.8,69,679,0,2
2024-04-07 03:50:22+05:30,2162,194,39,31.8,69,706,1,0
2024-04-07 03:51:24+05:30,2163,196,37,31.8,69,706,1,0
2024-04-07 03:52:25+05:30,2164,195,39,31.8,69,692,1,0
2024-04-07 03:53:26+05:30,2165,194,37,31.8,69,674,1,0
2024-04-07 03:54:55+05:30,2166,196,44,31.8,69,620,0,4
2024-04-07 03:55:57+05:30,2167,197,41,31.8,69,700,1,11
2024-04-07 03:56:58+05:30,2168,194,35,31.8,69,686,0,0
2024-04-07 03:57:59+05:30,2169,196,40,31.8,69,697,0,0
2024-04-07 03:58:56+05:30,2170,195,46,31.8,69,594,0,3
2024-04-07 03:59:57+05:30,2171,195,38,31.8,69,657,1,0
2024-04-07 04:00:58+05:30,2172,197,42,31.8,69,682,0,3
2024-04-07 04:01:59+05:30,2173,194,39,31.8,69,678,0,0
2024-04-07 04:03:00+05:30,2174,194,38,31.8,69,715,1,0
2024-04-07 04:04:02+05:30,2175,194,41,31.8,69,660,1,0
2024-04-07 04:05:03+05:30,2176,196,42,31.8,69,710,0,3
2024-04-07 04:06:04+05:30,2177,191,38,31.8,68,672,0,0
2024-04-07 04:07:05+05:30,2178,191,38,31.6,68,671,0,0
2024-04-07 04:08:56+05:30,2179,194,41,31.8,68,591,1,0
2024-04-07 04:09:58+05:30,2180,200,40,31.8,68,650,1,2
2024-04-07 04:10:59+05:30,2181,196,39,31.8,68,626,1,0
2024-04-07 04:12:57+05:30,2182,198,40,31.8,68,542,0,0
2024-04-07 04:13:58+05:30,2183,199,42,31.8,68,615,1,2
2024-04-07 04:15:00+05:30,2184,196,42,31.8,68,589,0,11
2024-04-07 04:16:01+05:30,2185,192,39,31.8,68,607,1,0
2024-04-07 04:16:57+05:30,2186,189,42,31.8,68,517,1,0
2024-04-07 04:17:59+05:30,2187,198,40,31.8,68,592,1,0
2024-04-07 04:19:00+05:30,2188,192,38,31.8,68,515,0,0
2024-04-07 04:20:01+05:30,2189,190,39,31.8,68,591,1,0
2024-04-07 04:20:58+05:30,2190,192,44,31.8,68,503,0,8
2024-04-07 04:21:59+05:30,2191,200,44,31.8,68,570,1,32
2024-04-07 04:23:00+05:30,2192,190,37,31.8,68,570,0,0
2024-04-07 04:23:58+05:30,2193,193,46,31.8,68,524,0,2
2024-04-07 04:25:00+05:30,2194,195,38,31.8,68,626,0,0
2024-04-07 04:26:02+05:30,2195,194,40,31.8,68,631,0,0
2024-04-07 04:26:58+05:30,2196,197,46,31.8,68,572,0,6
2024-04-07 04:27:59+05:30,2197,199,42,31.8,68,627,1,2
2024-04-07 04:29:01+05:30,2198,196,40,31.8,68,607,0,6
2024-04-07 04:29:59+05:30,2199,196,46,31.8,68,537,1,3
2024-04-07 04:31:00+05:30,2200,199,40,31.8,68,594,1,4
2024-04-07 04:32:02+05:30,2201,192,40,31.4,68,584,0,0
2024-04-07 04:32:59+05:30,2202,196,42,31.3,68,497,0,4
2024-04-07 04:34:00+05:30,2203,197,46,31.3,68,526,0,1
2024-04-07 04:34:59+05:30,2204,189,42,31.3,68,487,0,0
2024-04-07 04:36:00+05:30,2205,196,40,31.3,68,549,1,0
2024-04-07 04:37:01+05:30,2206,190,39,31.3,68,531,1,3
2024-04-07 04:38:03+05:30,2207,189,39,31.3,68,542,,0
2024-04-07 04:39:04+05:30,2208,188,38,31.4,68,546,0,1
2024-04-07 04:39:59+05:30,2209,191,43,31.4,68,470,0,0
2024-04-07 04:41:00+05:30,2210,193,41,31.4,68,470,1,1
2024-04-07 04:42:01+05:30,2211,194,38,31.3,68,540,1,0
2024-04-07 04:43:00+05:30,2212,190,43,31.3,68,462,0,0
2024-04-07 04:44:01+05:30,2213,192,37,31.3,68,527,0,0
2024-04-07 04:45:00+05:30,2214,188,41,31.3,69,473,0,0
2024-04-07 04:46:01+05:30,2215,192,37,31.3,69,540,0,0
2024-04-07 04:47:03+05:30,2216,191,42,31.3,69,533,1,3
2024-04-07 04:49:00+05:30,2217,192,42,31.3,69,475,1,2
2024-04-07 04:50:02+05:30,2218,191,38,31.3,69,536,1,0
2024-04-07 04:51:03+05:30,2219,189,35,31.3,69,529,1,0
2024-04-07 04:52:04+05:30,2220,187,35,31.3,69,476,1,0
2024-04-07 04:53:01+05:30,2221,187,41,31.3,69,470,1,2
2024-04-07 04:54:02+05:30,2222,191,38,31.3,68,560,0,0
2024-04-07 04:55:01+05:30,2223,189,42,31.3,68,500,0,0
2024-04-07 04:56:03+05:30,2224,196,40,31.3,68,545,0,2
2024-04-07 04:57:01+05:30,2225,191,46,31.3,68,491,0,3
2024-04-07 04:58:04+05:30,2226,191,39,31.3,68,561,0,3
2024-04-07 04:59:02+05:30,2227,195,43,31.3,68,496,1,0
2024-04-07 05:00:03+05:30,2228,194,41,31.3,68,569,1,3
2024-04-07 05:01:05+05:30,2229,192,37,31.3,68,552,1,0
2024-04-07 05:02:02+05:30,2230,194,43,31.3,68,497,1,0
2024-04-07 05:03:02+05:30,2231,196,43,31.3,68,492,0,0
2024-04-07 05:04:03+05:30,2232,198,40,31.3,68,549,1,6
2024-04-07 05:05:05+05:30,2233,192,39,31.3,68,536,1,0
2024-04-07 05:07:02+05:30,2234,191,42,31.3,68,461,1,0
2024-04-07 05:08:04+05:30,2235,197,46,31.3,67,530,1,63
2024-04-07 05:09:03+05:30,2236,189,42,31.3,67,466,0,11
2024-04-07 05:10:05+05:30,2237,195,40,31.3,67,542,0,2
2024-04-07 05:11:06+05:30,2238,193,40,31.3,67,500,1,4
2024-04-07 05:12:07+05:30,2239,190,42,31.3,67,529,1,3
2024-04-07 05:13:08+05:30,2240,186,38,31.3,67,545,1,0
2024-04-07 05:14:10+05:30,2241,183,38,31.3,67,545,1,0
2024-04-07 05:15:03+05:30,2242,189,44,31.3,67,488,1,2
2024-04-07 05:16:04+05:30,2243,189,37,31.3,67,551,1,0
2024-04-07 05:17:03+05:30,2244,190,46,31.3,67,473,1,3
2024-04-07 05:18:05+05:30,2245,189,35,31.3,67,514,0,0
2024-04-07 05:19:03+05:30,2246,188,43,31.3,67,519,0,0
2024-04-07 05:20:05+05:30,2247,190,39,31.3,67,612,0,0
2024-04-07 05:21:04+05:30,2248,191,45,31.3,67,517,0,0
2024-04-07 05:22:05+05:30,2249,192,38,31.3,67,500,1,5
2024-04-07 05:23:06+05:30,2250,186,42,31.3,67,551,0,2
2024-04-07 05:24:07+05:30,2251,190,40,31.3,67,545,1,2
2024-04-07 05:25:04+05:30,2252,192,41,31.3,67,480,0,0
2024-04-07 05:26:05+05:30,2253,190,38,31.3,67,567,0,0
2024-04-07 05:27:07+05:30,2254,190,40,31.3,67,548,1,4
2024-04-07 05:28:08+05:30,2255,185,41,31.3,67,552,1,0
2024-04-07 05:29:10+05:30,2256,183,38,31.3,67,578,0,1
2024-04-07 05:30:12+05:30,2257,187,40,31.3,67,615,1,4
2024-04-07 05:31:13+05:30,2258,183,38,31.3,67,599,1,0
2024-04-07 05:33:05+05:30,2259,191,46,31.3,67,508,1,2
2024-04-07 05:34:06+05:30,2260,192,38,31.3,67,584,1,0
2024-04-07 05:35:05+05:30,2261,187,43,31.3,67,533,0,0
2024-04-07 05:36:06+05:30,2262,192,35,31.3,67,594,0,0
2024-04-07 05:37:07+05:30,2263,191,42,31.3,67,543,1,3
2024-04-07 05:38:09+05:30,2264,187,38,31.3,67,652,1,1
2024-04-07 05:39:05+05:30,2265,189,42,31.3,67,615,0,0
2024-04-07 05:40:07+05:30,2266,191,39,31.3,67,735,0,0
2024-04-07 05:41:08+05:30,2267,189,41,31.3,67,763,0,2
2024-04-07 05:42:06+05:30,2268,190,42,31.3,66,674,1,0
2024-04-07 05:43:08+05:30,2269,198,40,31.3,66,778,1,2
2024-04-07 05:44:10+05:30,2270,191,38,31.3,66,690,1,0
2024-04-07 05:45:11+05:30,2271,192,37,31.3,66,795,1,0
2024-04-07 05:46:13+05:30,2272,193,40,31.3,66,783,1,20
2024-04-07 05:47:06+05:30,2273,192,43,31.3,66,697,0,5
2024-04-07 05:48:08+05:30,2274,196,42,31.3,66,714,1,3
2024-04-07 05:49:06+05:30,2275,197,46,31.3,66,700,0,7
2024-04-07 05:50:08+05:30,2276,195,41,31.3,66,813,0,0
2024-04-07 05:51:07+05:30,2277,203,44,31.3,66,717,1,0
2024-04-07 05:52:09+05:30,2278,191,43,31.3,66,757,1,0
2024-04-07 05:53:07+05:30,2279,203,43,31.3,66,865,1,0
2024-04-07 05:54:08+05:30,2280,204,40,31.3,66,949,0,0
2024-04-07 05:55:09+05:30,2281,200,40,31.3,66,891,1,4
2024-04-07 05:56:07+05:30,2282,201,41,31.3,66,733,0,0
2024-04-07 05:57:08+05:30,2283,199,39,31.3,66,787,1,1
2024-04-07 05:58:09+05:30,2284,195,41,31.3,66,810,0,0
2024-04-07 05:59:11+05:30,2285,195,35,31.3,66,1019,0,0
2024-04-07 06:00:13+05:30,2286,198,41,31.3,66,1316,1,9
2024-04-07 06:01:08+05:30,2287,208,42,31.3,66,1228,1,0
2024-04-07 06:02:09+05:30,2288,207,43,31.3,66,1277,1,2
2024-04-07 06:03:10+05:30,2289,208,40,31.3,66,1270,0,8
2024-04-07 06:04:11+05:30,2290,206,40,31.3,66,1470,0,4
2024-04-07 06:05:13+05:30,2291,207,43,31.3,66,1518,0,4
2024-04-07 06:06:14+05:30,2292,205,39,31.3,67,1501,0,0
2024-04-07 06:07:08+05:30,2293,211,43,31.3,67,1441,0,0
2024-04-07 06:08:10+05:30,2294,212,40,31.3,67,1496,1,0
2024-04-07 06:09:08+05:30,2295,211,43,31.3,67,1238,1,0
2024-04-07 06:10:09+05:30,2296,208,40,31.3,67,1295,1,0
2024-04-07 06:11:09+05:30,2297,213,43,31.3,67,1056,0,0
2024-04-07 06:12:10+05:30,2298,207,42,31.3,67,1095,1,10
2024-04-07 06:13:11+05:30,2299,204,40,31.3,67,1004,1,0
2024-04-07 06:14:12+05:30,2300,200,37,31.3,67,1001,0,0
2024-04-07 06:15:09+05:30,2301,202,46,31.2,67,815,0,1
2024-04-07 06:16:10+05:30,2302,208,48,30.8,67,802,0,16
2024-04-07 06:17:11+05:30,2303,195,39,30.8,66,719,1,0
2024-04-07 06:18:13+05:30,2304,196,40,30.8,65,523,0,0
2024-04-07 06:19:14+05:30,2305,192,42,30.8,64,592,1,4
2024-04-07 06:20:15+05:30,2306,187,38,30.8,63,567,0,3
2024-04-07 06:21:10+05:30,2307,190,45,30.8,63,464,0,3
2024-04-07 06:22:11+05:30,2308,188,38,30.8,62,526,1,0
2024-04-07 06:23:12+05:30,2309,188,40,30.8,62,530,0,0
2024-04-07 06:24:10+05:30,2310,191,44,30.8,62,459,1,17
2024-04-07 06:25:12+05:30,2311,193,42,30.8,62,508,1,4
2024-04-07 06:26:13+05:30,2312,190,40,30.9,61,481,0,4
2024-04-07 06:27:11+05:30,2313,183,46,31.2,61,473,0,2
2024-04-07 06:28:12+05:30,2314,188,38,31.3,61,556,1,7
2024-04-07 06:29:13+05:30,2315,186,38,31.3,61,565,1,0
2024-04-07 06:30:15+05:30,2316,185,38,31.3,61,524,1,0
2024-04-07 06:31:11+05:30,2317,189,46,31.2,61,482,1,2
2024-04-07 06:32:12+05:30,2318,187,39,30.8,60,526,0,2
2024-04-07 06:33:13+05:30,2319,184,39,30.8,60,539,0,0
2024-04-07 06:34:11+05:30,2320,186,44,30.8,60,473,0,4
2024-04-07 06:35:12+05:30,2321,188,40,30.8,60,565,0,0
2024-04-07 06:36:14+05:30,2322,183,38,30.8,60,584,1,7
2024-04-07 06:37:11+05:30,2323,187,43,30.8,60,591,0,0
2024-04-07 06:38:12+05:30,2324,194,43,30.8,60,863,1,63
2024-04-07 06:39:14+05:30,2325,191,38,30.8,59,1252,1,0
2024-04-07 06:40:15+05:30,2326,194,41,30.8,59,1352,1,3
2024-04-07 06:41:12+05:30,2327,203,43,30.8,59,1204,0,0
2024-04-07 06:42:13+05:30,2328,201,43,30.8,59,915,1,5
2024-04-07 06:43:12+05:30,2329,202,43,30.8,59,1004,1,0
2024-04-07 06:44:13+05:30,2330,198,42,30.8,59,1122,1,6
2024-04-07 06:45:14+05:30,2331,197,39,30.8,59,1509,0,0
2024-04-07 06:46:13+05:30,2332,193,42,30.8,59,1420,0,0
2024-04-07 06:47:15+05:30,2333,202,39,30.8,59,1400,1,1
2024-04-07 06:48:16+05:30,2334,199,39,30.8,59,1441,1,0
2024-04-07 06:49:18+05:30,2335,201,41,30.8,59,1338,0,24
2024-04-07 06:50:20+05:30,2336,195,39,30.8,59,1245,0,19
2024-04-07 06:51:13+05:30,2337,201,43,30.8,59,997,0,0
2024-04-07 06:52:14+05:30,2338,197,39,30.8,59,1044,1,0
2024-04-07 06:53:15+05:30,2339,193,38,30.8,59,983,1,2
2024-04-07 06:54:13+05:30,2340,203,46,30.8,59,882,0,0
2024-04-07 06:55:14+05:30,2341,198,43,30.8,59,902,0,3
2024-04-07 06:56:15+05:30,2342,191,38,30.8,58,853,1,0
2024-04-07 06:57:13+05:30,2343,196,41,30.8,58,692,1,0
2024-04-07 06:58:14+05:30,2344,191,38,30.8,58,783,0,1
2024-04-07 06:59:15+05:30,2345,187,38,30.8,58,783,0,0
2024-04-07 07:00:17+05:30,2346,196,40,30.8,58,802,,52
2024-04-07 07:01:18+05:30,2347,188,38,30.8,58,870,1,2
2024-04-07 07:02:19+05:30,2348,187,38,30.8,58,940,1,3
2024-04-07 07:03:14+05:30,2349,195,43,30.8,58,868,0,0
2024-04-07 07:04:15+05:30,2350,193,36,30.8,58,787,1,0
2024-04-07 07:05:16+05:30,2351,192,40,30.8,58,889,0,8
2024-04-07 07:06:17+05:30,2352,189,38,30.8,58,885,0,1
2024-04-07 07:07:19+05:30,2353,188,37,30.8,57,885,0,5
2024-04-07 07:08:20+05:30,2354,188,38,30.8,57,836,0,0
2024-04-07 07:09:21+05:30,2355,187,37,30.8,57,817,0,0
2024-04-07 07:10:22+05:30,2356,186,41,30.8,57,780,1,3
2024-04-07 07:11:23+05:30,2357,191,44,30.8,57,757,1,2
2024-04-07 07:13:15+05:30,2358,194,40,30.8,57,620,0,8
2024-04-07 07:14:16+05:30,2359,188,38,30.8,57,649,1,0
2024-04-07 07:15:17+05:30,2360,187,42,30.8,57,624,0,36
2024-04-07 07:16:18+05:30,2361,183,38,30.8,57,607,1,0
2024-04-07 07:17:15+05:30,2362,188,43,30.8,57,533,0,0
2024-04-07 07:18:16+05:30,2363,187,38,30.8,56,591,1,19
2024-04-07 07:19:17+05:30,2364,184,38,30.8,56,605,0,0
2024-04-07 07:20:19+05:30,2365,183,38,30.8,56,612,0,1
2024-04-07 07:21:16+05:30,2366,190,40,30.8,56,574,1,24
2024-04-07 07:22:17+05:30,2367,188,38,30.8,56,659,1,0
2024-04-07 07:23:18+05:30,2368,184,35,30.8,56,682,0,0
2024-04-07 07:24:19+05:30,2369,184,37,30.8,56,702,1,0
2024-04-07 07:25:20+05:30,2370,185,38,30.8,56,708,0,0
2024-04-07 07:26:21+05:30,2371,185,38,30.8,56,679,1,0
2024-04-07 07:27:23+05:30,2372,185,38,30.8,56,690,1,0
2024-04-07 07:28:24+05:30,2373,184,35,30.8,56,653,1,1
2024-04-07 07:29:26+05:30,2374,183,38,30.8,56,623,1,0
2024-04-07 07:30:27+05:30,2375,183,38,30.8,56,567,0,0
2024-04-07 07:31:17+05:30,2376,188,43,30.8,56,543,1,0
2024-04-07 07:32:18+05:30,2377,188,42,30.8,56,618,0,2
2024-04-07 07:33:19+05:30,2378,183,38,30.8,56,614,1,0
2024-04-07 07:34:20+05:30,2379,186,40,30.8,56,599,0,0
2024-04-07 07:35:21+05:30,2380,186,42,30.8,56,530,1,3
2024-04-07 07:36:22+05:30,2381,182,38,30.8,56,586,0,2
2024-04-07 07:37:24+05:30,2382,184,35,30.8,56,577,0,1
2024-04-07 07:38:25+05:30,2383,185,41,30.8,57,565,0,3
2024-04-07 07:39:17+05:30,2384,184,40,30.8,57,487,0,0
2024-04-07 07:40:18+05:30,2385,186,40,30.8,57,546,0,0
2024-04-07 07:41:19+05:30,2386,181,38,30.8,57,534,0,10
2024-04-07 07:42:21+05:30,2387,181,38,30.8,57,533,1,0
2024-04-07 07:43:22+05:30,2388,181,38,30.8,57,533,0,0
2024-04-07 07:44:24+05:30,2389,183,42,30.8,57,503,0,2
2024-04-07 07:46:18+05:30,2390,187,42,30.7,57,481,1,0
2024-04-07 07:47:19+05:30,2391,187,38,30.8,57,530,1,0
2024-04-07 07:48:20+05:30,2392,183,38,30.8,57,523,1,0
2024-04-07 07:49:18+05:30,2393,187,42,30.8,57,475,1,3
2024-04-07 07:50:20+05:30,2394,188,40,30.8,57,534,0,0
2024-04-07 07:51:21+05:30,2395,184,35,30.8,57,526,0,0
2024-04-07 07:52:22+05:30,2396,186,40,30.8,58,530,1,0
2024-04-07 07:53:24+05:30,2397,187,43,30.8,58,524,1,71
2024-04-07 07:54:26+05:30,2398,186,40,30.8,58,530,0,4
2024-04-07 07:55:27+05:30,2399,186,40,30.8,58,530,0,0
2024-04-07 07:56:29+05:30,2400,181,35,30.8,58,542,1,0
2024-04-07 07:57:30+05:30,2401,181,39,30.8,58,527,0,1
2024-04-07 07:58:31+05:30,2402,182,37,30.8,58,536,1,0
2024-04-07 07:59:33+05:30,2403,184,36,30.8,58,536,1,0
2024-04-07 08:00:34+05:30,2404,184,40,30.8,58,551,0,0
2024-04-07 08:02:20+05:30,2405,188,46,30.8,58,491,0,2
2024-04-07 08:03:22+05:30,2406,187,38,30.8,58,555,0,0
2024-04-07 08:04:20+05:30,2407,193,46,30.8,58,496,0,2
2024-04-07 08:41:24+05:30,2408,214,44,31.3,59,832,0,12
2024-04-07 08:43:24+05:30,2409,217,43,31.8,59,732,0,0
2024-04-07 08:44:24+05:30,2410,228,44,31.8,59,961,0,0
2024-04-07 08:45:25+05:30,2411,220,50,31.8,59,940,0,32
2024-04-07 08:46:27+05:30,2412,209,47,31.8,59,806,1,2
2024-04-07 08:47:24+05:30,2413,210,44,31.8,59,650,1,4
2024-04-07 08:48:26+05:30,2414,206,40,31.8,59,692,0,4
2024-04-07 08:49:28+05:30,2415,200,40,31.8,59,656,1,2
2024-04-07 08:50:30+05:30,2416,194,43,31.8,59,487,0,1
2024-04-07 08:51:31+05:30,2417,191,42,31.8,59,631,0,0
2024-04-07 08:52:33+05:30,2418,191,39,31.8,59,633,1,0
2024-04-07 08:53:25+05:30,2419,185,43,31.8,59,534,0,0
2024-04-07 08:54:25+05:30,2420,196,44,31.8,59,553,0,0
2024-04-07 08:55:27+05:30,2421,193,39,31.8,59,589,1,0
2024-04-07 08:56:29+05:30,2422,198,44,31.8,59,565,1,0
2024-04-07 08:57:30+05:30,2423,191,42,31.5,59,607,1,2
2024-04-07 08:58:32+05:30,2424,192,37,31.3,60,626,0,0
2024-04-07 08:59:26+05:30,2425,196,41,31.3,60,540,1,0
2024-04-07 09:01:26+05:30,2426,204,43,31.8,60,539,0,0
2024-04-07 09:02:27+05:30,2427,198,39,31.8,60,602,1,0
2024-04-07 09:03:26+05:30,2428,202,42,31.8,60,496,0,0
2024-04-07 09:04:27+05:30,2429,196,37,31.8,60,524,0,0
2024-04-07 09:06:27+05:30,2430,205,47,31.8,59,472,1,5
2024-04-07 09:07:27+05:30,2431,207,43,31.8,59,472,0,0
2024-04-07 09:08:29+05:30,2432,201,43,31.8,59,530,,5
2024-04-07 09:09:31+05:30,2433,192,37,31.8,59,470,0,16
2024-04-07 09:10:27+05:30,2434,196,43,31.8,59,480,1,0
2024-04-07 09:11:28+05:30,2435,196,37,31.8,59,548,1,0
2024-04-07 09:13:27+05:30,2436,202,42,31.8,59,492,1,0
2024-04-07 09:14:28+05:30,2437,195,39,31.8,59,566,1,0
2024-04-07 09:16:27+05:30,2438,197,43,31.8,59,514,0,0
2024-04-07 09:17:29+05:30,2439,193,39,31.8,59,543,1,0
2024-04-07 09:18:30+05:30,2440,190,42,31.8,59,514,0,16
2024-04-07 09:19:28+05:30,2441,193,43,31.8,59,461,0,0
2024-04-07 09:20:30+05:30,2442,193,39,31.8,59,461,0,2
2024-04-07 09:21:28+05:30,2443,195,43,31.8,59,454,1,0
2024-04-07 09:22:30+05:30,2444,194,39,31.8,59,519,0,0
2024-04-07 09:23:28+05:30,2445,195,47,31.8,59,461,0,6
2024-04-07 09:24:30+05:30,2446,193,39,31.8,59,520,0,0
2024-04-07 09:25:31+05:30,2447,189,42,31.8,59,520,1,5
2024-04-07 09:26:28+05:30,2448,197,46,31.8,59,454,1,3
2024-04-07 09:27:28+05:30,2449,200,43,31.8,58,432,1,0
2024-04-07 09:28:30+05:30,2450,192,39,31.8,58,441,0,0
2024-04-07 09:29:29+05:30,2451,192,41,31.8,58,434,0,1
2024-04-07 09:30:31+05:30,2452,192,40,31.8,57,400,1,0
2024-04-07 09:31:32+05:30,2453,189,43,31.8,57,478,0,0
2024-04-07 09:32:34+05:30,2454,191,43,31.8,57,580,0,10
2024-04-07 09:33:35+05:30,2455,188,40,32.3,58,591,0,0
2024-04-07 09:34:37+05:30,2456,186,40,32.3,58,502,1,4
2024-04-07 09:35:29+05:30,2457,187,43,32.3,58,498,1,0
2024-04-07 09:36:30+05:30,2458,188,44,32.3,58,517,1,1
2024-04-07 09:37:32+05:30,2459,188,37,32.3,58,602,1,0
2024-04-07 09:38:29+05:30,2460,192,41,32.3,58,540,1,0
2024-04-07 09:40:35+05:30,2461,182,39,32.3,57,592,0,0
2024-04-07 09:41:36+05:30,2462,180,37,32.3,57,575,1,0
2024-04-07 09:42:38+05:30,2463,175,38,32.3,57,548,1,27
2024-04-07 09:43:30+05:30,2464,181,46,32.3,57,493,1,2
2024-04-07 09:44:32+05:30,2465,183,38,32.3,57,536,0,0
2024-04-07 09:45:34+05:30,2466,184,40,32.3,57,553,1,0
2024-04-07 09:46:36+05:30,2467,178,35,32.3,57,569,1,0
2024-04-07 09:47:37+05:30,2468,178,37,32.3,57,569,1,0
2024-04-07 09:48:38+05:30,2469,179,38,32.3,57,569,0,0
2024-04-07 09:49:31+05:30,2470,185,46,32.3,57,482,0,3
2024-04-07 09:50:32+05:30,2471,183,38,32.3,57,531,0,0
2024-04-07 09:51:34+05:30,2472,180,37,32.3,57,526,0,0
2024-04-07 09:53:31+05:30,2473,187,46,32.3,57,502,0,2
2024-04-07 09:54:33+05:30,2474,185,42,32.3,56,657,1,2
2024-04-07 09:55:35+05:30,2475,181,41,32.3,57,629,0,0
2024-04-07 09:56:36+05:30,2476,182,42,32.3,56,536,0,2
2024-04-07 09:57:38+05:30,2477,181,40,32.3,56,597,0,4
2024-04-07 09:58:39+05:30,2478,176,37,32.4,56,560,0,0
2024-04-07 09:59:41+05:30,2479,175,38,32.3,56,534,0,0
2024-04-07 10:00:42+05:30,2480,175,38,32.4,55,589,1,0
2024-04-07 10:01:44+05:30,2481,172,40,32.4,55,560,0,4
2024-04-07 10:02:46+05:30,2482,179,41,32.7,56,518,1,3
2024-04-07 10:03:48+05:30,2483,191,42,32.8,55,518,0,9
2024-04-07 10:04:49+05:30,2484,195,38,32.8,55,536,1,0
2024-04-07 10:05:51+05:30,2485,199,38,32.8,55,536,0,3
2024-04-07 10:07:32+05:30,2486,203,43,32.8,55,462,,0
2024-04-07 10:08:34+05:30,2487,216,44,32.8,55,515,0,56
2024-04-07 10:09:35+05:30,2488,201,42,32.8,55,518,0,26
2024-04-07 10:10:33+05:30,2489,197,43,32.8,54,438,1,0
2024-04-07 10:11:34+05:30,2490,204,37,32.8,54,497,0,0
2024-04-07 10:12:35+05:30,2491,200,40,32.8,53,536,0,0
2024-04-07 10:13:36+05:30,2492,200,37,32.8,53,569,0,0
2024-04-07 10:14:38+05:30,2493,199,39,32.8,54,580,0,0
2024-04-07 10:15:36+05:30,2494,192,43,32.8,53,526,0,0
2024-04-07 10:16:33+05:30,2495,207,50,32.8,54,530,1,6
2024-04-07 10:17:34+05:30,2496,207,39,32.8,53,615,1,0
2024-04-07 10:18:36+05:30,2497,209,39,32.8,54,623,1,14
2024-04-07 10:20:37+05:30,2498,212,44,32.8,54,591,0,6
2024-04-07 10:21:38+05:30,2499,214,39,32.8,54,706,0,13
2024-04-07 10:22:39+05:30,2500,216,44,32.8,54,763,1,4
2024-04-07 10:23:41+05:30,2501,223,48,32.8,54,806,1,3
2024-04-07 10:24:43+05:30,2502,217,37,32.8,55,834,1,0
2024-04-07 10:25:44+05:30,2503,214,39,32.8,55,857,0,0
2024-04-07 10:26:46+05:30,2504,221,43,32.8,55,857,1,1
2024-04-07 10:27:48+05:30,2505,220,40,32.8,55,855,0,0
2024-04-07 10:28:49+05:30,2506,219,44,32.8,55,817,0,3
2024-04-07 10:29:35+05:30,2507,215,48,32.8,55,675,0,1
2024-04-07 10:30:35+05:30,2508,225,45,32.8,55,638,1,0
2024-04-07 10:31:37+05:30,2509,219,39,32.8,55,699,1,0
2024-04-07 10:32:39+05:30,2510,215,44,32.8,54,678,0,6
2024-04-07 10:33:35+05:30,2511,201,43,32.8,54,592,1,1
2024-04-07 10:34:36+05:30,2512,220,37,32.8,55,715,0,0
2024-04-07 10:35:38+05:30,2513,212,39,32.8,54,728,1,0
2024-04-07 10:37:36+05:30,2514,214,47,32.8,55,665,0,3
2024-04-07 10:38:37+05:30,2515,215,40,32.8,55,795,1,0
2024-04-07 10:39:39+05:30,2516,210,39,32.8,55,675,0,0
2024-04-07 10:40:40+05:30,2517,214,40,32.8,55,793,1,0
2024-04-07 10:41:42+05:30,2518,216,44,32.8,55,768,1,0
2024-04-07 10:42:43+05:30,2519,208,46,32.8,55,645,0,3
2024-04-07 10:43:45+05:30,2520,208,40,32.8,54,665,1,6
2024-04-07 10:44:47+05:30,2521,203,39,32.8,54,672,,0
2024-04-07 10:45:49+05:30,2522,204,37,32.8,53,580,0,0
2024-04-07 10:46:36+05:30,2523,200,41,32.8,53,594,,0
2024-04-07 10:47:38+05:30,2524,206,39,32.8,53,694,0,0
2024-04-07 10:48:39+05:30,2525,201,39,32.8,53,631,1,0
2024-04-07 10:50:37+05:30,2526,204,42,33.2,51,574,1,0
2024-04-07 10:51:38+05:30,2527,209,44,33.2,51,666,1,0
2024-04-07 10:52:40+05:30,2528,205,39,32.8,52,688,0,610
2024-04-07 10:54:37+05:30,2529,213,43,32.8,52,638,0,0
2024-04-07 10:55:39+05:30,2530,219,45,32.8,52,740,0,0
2024-04-07 10:56:41+05:30,2531,215,41,32.8,53,763,1,487
2024-04-07 10:57:38+05:30,2532,213,45,32.8,53,682,0,0
2024-04-07 10:58:40+05:30,2533,211,44,32.8,53,768,0,0
2024-04-07 10:59:41+05:30,2534,206,44,32.8,53,768,0,0
2024-04-07 11:00:38+05:30,2535,207,48,32.8,53,659,0,0
2024-04-07 11:01:41+05:30,2536,207,44,32.8,53,564,1,0
2024-04-07 11:02:38+05:30,2537,203,44,32.8,53,624,0,540
2024-04-07 11:03:39+05:30,2538,202,39,32.8,53,717,1,619
2024-04-07 11:04:40+05:30,2539,198,39,32.8,53,704,0,539
2024-04-07 11:05:42+05:30,2540,195,39,32.8,53,692,0,259
2024-04-07 11:06:43+05:30,2541,198,40,32.8,53,640,0,0
2024-04-07 11:07:45+05:30,2542,197,40,32.8,53,678,1,28
2024-04-07 11:08:39+05:30,2543,196,42,32.8,53,572,1,0
2024-04-07 11:09:40+05:30,2544,195,39,32.8,52,566,0,552
2024-04-07 11:10:39+05:30,2545,186,43,32.8,52,556,1,227
2024-04-07 11:11:39+05:30,2546,199,44,32.8,52,868,,446
2024-04-07 11:12:40+05:30,2547,200,40,32.9,52,708,0,366
2024-04-07 11:13:41+05:30,2548,193,39,33.3,50,629,0,620
2024-04-07 11:14:39+05:30,2549,193,43,33.3,50,539,1,0
2024-04-07 11:15:41+05:30,2550,202,44,33.3,50,730,0,623
2024-04-07 11:16:42+05:30,2551,200,39,33.3,50,855,0,0
2024-04-07 11:18:40+05:30,2552,203,46,32.8,52,643,1,119
2024-04-07 11:19:41+05:30,2553,203,39,32.8,52,690,1,0
2024-04-07 11:20:43+05:30,2554,203,44,32.8,52,643,0,496
2024-04-07 11:22:40+05:30,2555,198,47,33.2,50,520,0,0
2024-04-07 11:23:42+05:30,2556,201,39,33,50,602,0,277
2024-04-07 11:24:40+05:30,2557,202,48,32.8,52,514,0,530
2024-04-07 11:25:43+05:30,2558,205,40,32.8,52,602,0,0
2024-04-07 11:26:44+05:30,2559,200,44,32.8,52,602,1,0
2024-04-07 11:27:41+05:30,2560,193,43,32.8,52,527,0,87
2024-04-07 11:29:42+05:30,2561,203,44,32.8,52,560,0,617
2024-04-07 11:30:44+05:30,2562,195,43,32.8,52,566,0,279
2024-04-07 11:31:45+05:30,2563,202,37,32.8,52,653,1,0
2024-04-07 11:32:47+05:30,2564,203,40,32.8,52,653,1,625
2024-04-07 11:33:48+05:30,2565,201,44,32.8,52,641,1,0
2024-04-07 11:34:41+05:30,2566,202,44,32.8,52,581,1,80
2024-04-07 11:35:43+05:30,2567,201,39,32.8,52,646,0,424
2024-04-07 11:37:42+05:30,2568,205,46,32.8,52,618,0,29
2024-04-07 11:38:44+05:30,2569,204,43,32.8,52,672,0,2
2024-04-07 11:39:45+05:30,2570,202,40,32.8,52,668,1,617
2024-04-07 11:40:47+05:30,2571,196,42,32.8,52,623,0,347
2024-04-07 11:41:42+05:30,2572,195,43,32.8,52,545,0,0
2024-04-07 11:42:44+05:30,2573,201,44,32.8,52,605,0,0
2024-04-07 11:43:45+05:30,2574,193,39,32.8,51,580,1,251
2024-04-07 11:44:42+05:30,2575,194,43,32.8,51,518,1,234
2024-04-07 11:45:44+05:30,2576,196,37,32.8,51,455,1,0
2024-04-07 11:46:46+05:30,2577,192,37,32.8,51,600,0,438
2024-04-07 11:48:43+05:30,2578,198,47,32.8,51,551,0,0
2024-04-07 11:49:44+05:30,2579,210,44,32.8,51,627,0,0
2024-04-07 11:50:46+05:30,2580,191,41,32.8,51,617,0,429
2024-04-07 11:51:47+05:30,2581,196,40,32.8,51,602,1,461
2024-04-07 11:52:49+05:30,2582,190,42,32.8,51,581,0,610
2024-04-07 11:53:50+05:30,2583,192,39,32.8,51,589,1,603
2024-04-07 11:54:43+05:30,2584,195,46,32.8,51,493,0,0
2024-04-07 11:55:45+05:30,2585,198,40,32.8,50,539,1,0
2024-04-07 11:56:47+05:30,2586,191,39,32.8,50,464,0,432
2024-04-07 11:58:44+05:30,2587,191,43,32.8,49,454,0,0
2024-04-07 11:59:46+05:30,2588,191,39,32.8,49,493,0,0
